[-1790660820475074560.000s] DEBUG:colcon:Command line arguments: ['/usr/bin/colcon', 'build', '--symlink-install']
[-1790660820475074560.000s] DEBUG:colcon:Parsed command line arguments: Namespace(log_base=None, log_level=None, verb_name='build', build_base='build', install_base='install', merge_install=False, symlink_install=True, test_result_base=None, continue_on_error=False, executor='parallel', parallel_workers=8, event_handlers=None, ignore_user_meta=False, metas=['./colcon.meta'], base_paths=['.'], packages_ignore=None, packages_ignore_regex=None, paths=None, packages_up_to=None, packages_up_to_regex=None, packages_above=None, packages_above_and_dependencies=None, packages_above_depth=None, packages_select_by_dep=None, packages_skip_by_dep=None, packages_skip_up_to=None, packages_select_build_failed=False, packages_skip_build_finished=False, packages_select_test_failures=False, packages_skip_test_passed=False, packages_select=None, packages_skip=None, packages_select_regex=None, packages_skip_regex=None, packages_start=None, packages_end=None, allow_overriding=[], cmake_args=None, cmake_target=None, cmake_target_skip_unavailable=False, cmake_clean_cache=False, cmake_clean_first=False, cmake_force_configure=False, ament_cmake_args=None, catkin_cmake_args=None, catkin_skip_building_tests=False, verb_parser=<colcon_defaults.argument_parser.defaults.DefaultArgumentsDecorator object at 0x77f9e876f750>, verb_extension=<colcon_core.verb.build.BuildVerb object at 0x77f9e8793620>, main=<bound method BuildVerb.main of <colcon_core.verb.build.BuildVerb object at 0x77f9e8793620>>)
[-1790660820475074560.000s] Level 1:colcon.colcon_core.package_discovery:discover_packages(colcon_meta) check parameters
[-1790660820475074560.000s] Level 1:colcon.colcon_core.package_discovery:discover_packages(recursive) check parameters
[-1790660820475074560.000s] Level 1:colcon.colcon_core.package_discovery:discover_packages(ignore) check parameters
[-1790660820475074560.000s] Level 1:colcon.colcon_core.package_discovery:discover_packages(path) check parameters
[-1790660820475074560.000s] Level 1:colcon.colcon_core.package_discovery:discover_packages(colcon_meta) discover
[-1790660820475074560.000s] Level 1:colcon.colcon_core.package_discovery:discover_packages(recursive) discover
[-1790660820475074560.000s] INFO:colcon.colcon_core.package_discovery:Crawling recursively for packages in '/home/sriram/Documents/projects/ros2drone'
[-1790660820475074560.000s] Level 1:colcon.colcon_core.package_identification:_identify(.) by extensions ['ignore', 'ignore_ament_install']
[-1790660820475074560.000s] Level 1:colcon.colcon_core.package_identification:_identify(.) by extension 'ignore'
[-1790660820475074560.000s] Level 1:colcon.colcon_core.package_identification:_identify(.) by extension 'ignore_ament_install'
[-1790660820475074560.000s] Level 1:colcon.colcon_core.package_identification:_identify(.) by extensions ['colcon_pkg']
[-1790660820475074560.000s] Level 1:colcon.colcon_core.package_identification:_identify(.) by extension 'colcon_pkg'
[-1790660820475074560.000s] Level 1:colcon.colcon_core.package_identification:_identify(.) by extensions ['colcon_meta']
[-1790660820475074560.000s] Level 1:colcon.colcon_core.package_identification:_identify(.) by extension 'colcon_meta'
[-1790660820475074560.000s] Level 1:colcon.colcon_core.package_identification:_identify(.) by extensions ['ros']
[-1790660820475074560.000s] Level 1:colcon.colcon_core.package_identification:_identify(.) by extension 'ros'
[-1790660820475074560.000s] Level 1:colcon.colcon_core.package_identification:_identify(.) by extensions ['cmake', 'python']
[-1790660820475074560.000s] Level 1:colcon.colcon_core.package_identification:_identify(.) by extension 'cmake'
[-1790660820475074560.000s] Level 1:colcon.colcon_core.package_identification:_identify(.) by extension 'python'
[-1790660820475074560.000s] Level 1:colcon.colcon_core.package_identification:_identify(.) by extensions ['python_setup_py']
[-1790660820475074560.000s] Level 1:colcon.colcon_core.package_identification:_identify(.) by extension 'python_setup_py'
[-1790660820475074560.000s] Level 1:colcon.colcon_core.package_identification:_identify(build) by extensions ['ignore', 'ignore_ament_install']
[-1790660820475074560.000s] Level 1:colcon.colcon_core.package_identification:_identify(build) by extension 'ignore'
[-1790660820475074560.000s] Level 1:colcon.colcon_core.package_identification:_identify(build) ignored
[-1790660820475074560.000s] Level 1:colcon.colcon_core.package_identification:_identify(install) by extensions ['ignore', 'ignore_ament_install']
[-1790660820475074560.000s] Level 1:colcon.colcon_core.package_identification:_identify(install) by extension 'ignore'
[-1790660820475074560.000s] Level 1:colcon.colcon_core.package_identification:_identify(install) ignored
[-1790660820475074560.000s] Level 1:colcon.colcon_core.package_identification:_identify(log) by extensions ['ignore', 'ignore_ament_install']
[-1790660820475074560.000s] Level 1:colcon.colcon_core.package_identification:_identify(log) by extension 'ignore'
[-1790660820475074560.000s] Level 1:colcon.colcon_core.package_identification:_identify(log) ignored
[-1790660820475074560.000s] Level 1:colcon.colcon_core.package_identification:_identify(src) by extensions ['ignore', 'ignore_ament_install']
[-1790660820475074560.000s] Level 1:colcon.colcon_core.package_identification:_identify(src) by extension 'ignore'
[-1790660820475074560.000s] Level 1:colcon.colcon_core.package_identification:_identify(src) by extension 'ignore_ament_install'
[-1790660820475074560.000s] Level 1:colcon.colcon_core.package_identification:_identify(src) by extensions ['colcon_pkg']
[-1790660820475074560.000s] Level 1:colcon.colcon_core.package_identification:_identify(src) by extension 'colcon_pkg'
[-1790660820475074560.000s] Level 1:colcon.colcon_core.package_identification:_identify(src) by extensions ['colcon_meta']
[-1790660820475074560.000s] Level 1:colcon.colcon_core.package_identification:_identify(src) by extension 'colcon_meta'
[-1790660820475074560.000s] Level 1:colcon.colcon_core.package_identification:_identify(src) by extensions ['ros']
[-1790660820475074560.000s] Level 1:colcon.colcon_core.package_identification:_identify(src) by extension 'ros'
[-1790660820475074560.000s] Level 1:colcon.colcon_core.package_identification:_identify(src) by extensions ['cmake', 'python']
[-1790660820475074560.000s] Level 1:colcon.colcon_core.package_identification:_identify(src) by extension 'cmake'
[-1790660820475074560.000s] Level 1:colcon.colcon_core.package_identification:_identify(src) by extension 'python'
[-1790660820475074560.000s] Level 1:colcon.colcon_core.package_identification:_identify(src) by extensions ['python_setup_py']
[-1790660820475074560.000s] Level 1:colcon.colcon_core.package_identification:_identify(src) by extension 'python_setup_py'
[-1790660820475074560.000s] Level 1:colcon.colcon_core.package_identification:_identify(src/drone_bringup) by extensions ['ignore', 'ignore_ament_install']
[-1790660820475074560.000s] Level 1:colcon.colcon_core.package_identification:_identify(src/drone_bringup) by extension 'ignore'
[-1790660820475074560.000s] Level 1:colcon.colcon_core.package_identification:_identify(src/drone_bringup) by extension 'ignore_ament_install'
[-1790660820475074560.000s] Level 1:colcon.colcon_core.package_identification:_identify(src/drone_bringup) by extensions ['colcon_pkg']
[-1790660820475074560.000s] Level 1:colcon.colcon_core.package_identification:_identify(src/drone_bringup) by extension 'colcon_pkg'
[-1790660820475074560.000s] Level 1:colcon.colcon_core.package_identification:_identify(src/drone_bringup) by extensions ['colcon_meta']
[-1790660820475074560.000s] Level 1:colcon.colcon_core.package_identification:_identify(src/drone_bringup) by extension 'colcon_meta'
[-1790660820475074560.000s] Level 1:colcon.colcon_core.package_identification:_identify(src/drone_bringup) by extensions ['ros']
[-1790660820475074560.000s] Level 1:colcon.colcon_core.package_identification:_identify(src/drone_bringup) by extension 'ros'
[-1790660820475074560.000s] DEBUG:colcon.colcon_core.package_identification:Package 'src/drone_bringup' with type 'ros.ament_cmake' and name 'drone_bringup'
[-1790660820475074560.000s] Level 1:colcon.colcon_core.package_identification:_identify(src/drone_control) by extensions ['ignore', 'ignore_ament_install']
[-1790660820475074560.000s] Level 1:colcon.colcon_core.package_identification:_identify(src/drone_control) by extension 'ignore'
[-1790660820475074560.000s] Level 1:colcon.colcon_core.package_identification:_identify(src/drone_control) by extension 'ignore_ament_install'
[-1790660820475074560.000s] Level 1:colcon.colcon_core.package_identification:_identify(src/drone_control) by extensions ['colcon_pkg']
[-1790660820475074560.000s] Level 1:colcon.colcon_core.package_identification:_identify(src/drone_control) by extension 'colcon_pkg'
[-1790660820475074560.000s] Level 1:colcon.colcon_core.package_identification:_identify(src/drone_control) by extensions ['colcon_meta']
[-1790660820475074560.000s] Level 1:colcon.colcon_core.package_identification:_identify(src/drone_control) by extension 'colcon_meta'
[-1790660820475074560.000s] Level 1:colcon.colcon_core.package_identification:_identify(src/drone_control) by extensions ['ros']
[-1790660820475074560.000s] Level 1:colcon.colcon_core.package_identification:_identify(src/drone_control) by extension 'ros'
[-1790660820475074560.000s] DEBUG:colcon.colcon_core.package_identification:Package 'src/drone_control' with type 'ros.ament_cmake' and name 'drone_control'
[-1790660820475074560.000s] Level 1:colcon.colcon_core.package_identification:_identify(src/drone_description) by extensions ['ignore', 'ignore_ament_install']
[-1790660820475074560.000s] Level 1:colcon.colcon_core.package_identification:_identify(src/drone_description) by extension 'ignore'
[-1790660820475074560.000s] Level 1:colcon.colcon_core.package_identification:_identify(src/drone_description) by extension 'ignore_ament_install'
[-1790660820475074560.000s] Level 1:colcon.colcon_core.package_identification:_identify(src/drone_description) by extensions ['colcon_pkg']
[-1790660820475074560.000s] Level 1:colcon.colcon_core.package_identification:_identify(src/drone_description) by extension 'colcon_pkg'
[-1790660820475074560.000s] Level 1:colcon.colcon_core.package_identification:_identify(src/drone_description) by extensions ['colcon_meta']
[-1790660820475074560.000s] Level 1:colcon.colcon_core.package_identification:_identify(src/drone_description) by extension 'colcon_meta'
[-1790660820475074560.000s] Level 1:colcon.colcon_core.package_identification:_identify(src/drone_description) by extensions ['ros']
[-1790660820475074560.000s] Level 1:colcon.colcon_core.package_identification:_identify(src/drone_description) by extension 'ros'
[-1790660820475074560.000s] DEBUG:colcon.colcon_core.package_identification:Package 'src/drone_description' with type 'ros.ament_cmake' and name 'drone_description'
[-1790660820475074560.000s] Level 1:colcon.colcon_core.package_identification:_identify(src/drone_gazebo) by extensions ['ignore', 'ignore_ament_install']
[-1790660820475074560.000s] Level 1:colcon.colcon_core.package_identification:_identify(src/drone_gazebo) by extension 'ignore'
[-1790660820475074560.000s] Level 1:colcon.colcon_core.package_identification:_identify(src/drone_gazebo) by extension 'ignore_ament_install'
[-1790660820475074560.000s] Level 1:colcon.colcon_core.package_identification:_identify(src/drone_gazebo) by extensions ['colcon_pkg']
[-1790660820475074560.000s] Level 1:colcon.colcon_core.package_identification:_identify(src/drone_gazebo) by extension 'colcon_pkg'
[-1790660820475074560.000s] Level 1:colcon.colcon_core.package_identification:_identify(src/drone_gazebo) by extensions ['colcon_meta']
[-1790660820475074560.000s] Level 1:colcon.colcon_core.package_identification:_identify(src/drone_gazebo) by extension 'colcon_meta'
[-1790660820475074560.000s] Level 1:colcon.colcon_core.package_identification:_identify(src/drone_gazebo) by extensions ['ros']
[-1790660820475074560.000s] Level 1:colcon.colcon_core.package_identification:_identify(src/drone_gazebo) by extension 'ros'
[-1790660820475074560.000s] DEBUG:colcon.colcon_core.package_identification:Package 'src/drone_gazebo' with type 'ros.ament_cmake' and name 'drone_gazebo'
[-1790660820475074560.000s] Level 1:colcon.colcon_core.package_identification:_identify(src/drone_navigation) by extensions ['ignore', 'ignore_ament_install']
[-1790660820475074560.000s] Level 1:colcon.colcon_core.package_identification:_identify(src/drone_navigation) by extension 'ignore'
[-1790660820475074560.000s] Level 1:colcon.colcon_core.package_identification:_identify(src/drone_navigation) by extension 'ignore_ament_install'
[-1790660820475074560.000s] Level 1:colcon.colcon_core.package_identification:_identify(src/drone_navigation) by extensions ['colcon_pkg']
[-1790660820475074560.000s] Level 1:colcon.colcon_core.package_identification:_identify(src/drone_navigation) by extension 'colcon_pkg'
[-1790660820475074560.000s] Level 1:colcon.colcon_core.package_identification:_identify(src/drone_navigation) by extensions ['colcon_meta']
[-1790660820475074560.000s] Level 1:colcon.colcon_core.package_identification:_identify(src/drone_navigation) by extension 'colcon_meta'
[-1790660820475074560.000s] Level 1:colcon.colcon_core.package_identification:_identify(src/drone_navigation) by extensions ['ros']
[-1790660820475074560.000s] Level 1:colcon.colcon_core.package_identification:_identify(src/drone_navigation) by extension 'ros'
[-1790660820475074560.000s] DEBUG:colcon.colcon_core.package_identification:Package 'src/drone_navigation' with type 'ros.ament_cmake' and name 'drone_navigation'
[-1790660820475074560.000s] Level 1:colcon.colcon_core.package_identification:_identify(src/drone_slam) by extensions ['ignore', 'ignore_ament_install']
[-1790660820475074560.000s] Level 1:colcon.colcon_core.package_identification:_identify(src/drone_slam) by extension 'ignore'
[-1790660820475074560.000s] Level 1:colcon.colcon_core.package_identification:_identify(src/drone_slam) by extension 'ignore_ament_install'
[-1790660820475074560.000s] Level 1:colcon.colcon_core.package_identification:_identify(src/drone_slam) by extensions ['colcon_pkg']
[-1790660820475074560.000s] Level 1:colcon.colcon_core.package_identification:_identify(src/drone_slam) by extension 'colcon_pkg'
[-1790660820475074560.000s] Level 1:colcon.colcon_core.package_identification:_identify(src/drone_slam) by extensions ['colcon_meta']
[-1790660820475074560.000s] Level 1:colcon.colcon_core.package_identification:_identify(src/drone_slam) by extension 'colcon_meta'
[-1790660820475074560.000s] Level 1:colcon.colcon_core.package_identification:_identify(src/drone_slam) by extensions ['ros']
[-1790660820475074560.000s] Level 1:colcon.colcon_core.package_identification:_identify(src/drone_slam) by extension 'ros'
[-1790660820475074560.000s] DEBUG:colcon.colcon_core.package_identification:Package 'src/drone_slam' with type 'ros.ament_cmake' and name 'drone_slam'
[-1790660820475074560.000s] Level 1:colcon.colcon_core.package_identification:_identify(src/drone_vision) by extensions ['ignore', 'ignore_ament_install']
[-1790660820475074560.000s] Level 1:colcon.colcon_core.package_identification:_identify(src/drone_vision) by extension 'ignore'
[-1790660820475074560.000s] Level 1:colcon.colcon_core.package_identification:_identify(src/drone_vision) by extension 'ignore_ament_install'
[-1790660820475074560.000s] Level 1:colcon.colcon_core.package_identification:_identify(src/drone_vision) by extensions ['colcon_pkg']
[-1790660820475074560.000s] Level 1:colcon.colcon_core.package_identification:_identify(src/drone_vision) by extension 'colcon_pkg'
[-1790660820475074560.000s] Level 1:colcon.colcon_core.package_identification:_identify(src/drone_vision) by extensions ['colcon_meta']
[-1790660820475074560.000s] Level 1:colcon.colcon_core.package_identification:_identify(src/drone_vision) by extension 'colcon_meta'
[-1790660820475074560.000s] Level 1:colcon.colcon_core.package_identification:_identify(src/drone_vision) by extensions ['ros']
[-1790660820475074560.000s] Level 1:colcon.colcon_core.package_identification:_identify(src/drone_vision) by extension 'ros'
[-1790660820475074560.000s] DEBUG:colcon.colcon_core.package_identification:Package 'src/drone_vision' with type 'ros.ament_cmake' and name 'drone_vision'
[-1790660820475074560.000s] Level 1:colcon.colcon_core.package_discovery:discover_packages(recursive) using defaults
[-1790660820475074560.000s] Level 1:colcon.colcon_core.package_discovery:discover_packages(ignore) discover
[-1790660820475074560.000s] Level 1:colcon.colcon_core.package_discovery:discover_packages(ignore) using defaults
[-1790660820475074560.000s] Level 1:colcon.colcon_core.package_discovery:discover_packages(path) discover
[-1790660820475074560.000s] Level 1:colcon.colcon_core.package_discovery:discover_packages(path) using defaults
[-1790660820475074560.000s] Level 1:colcon.colcon_core.package_discovery:discover_packages(prefix_path) check parameters
[-1790660820475074560.000s] Level 1:colcon.colcon_core.package_discovery:discover_packages(prefix_path) discover
[-1790660820475074560.000s] DEBUG:colcon.colcon_installed_package_information.package_discovery:Found 7 installed packages in /home/sriram/Documents/projects/ros2drone/install
[-1790660820475074560.000s] DEBUG:colcon.colcon_installed_package_information.package_discovery:Found 317 installed packages in /opt/ros/lyrical
[-1790660820475074560.000s] Level 1:colcon.colcon_core.package_discovery:discover_packages(prefix_path) using defaults
[-1790660820475074560.000s] Level 5:colcon.colcon_core.verb:set package 'drone_control' build argument 'cmake_args' from command line to 'None'
[-1790660820475074560.000s] Level 5:colcon.colcon_core.verb:set package 'drone_control' build argument 'cmake_target' from command line to 'None'
[-1790660820475074560.000s] Level 5:colcon.colcon_core.verb:set package 'drone_control' build argument 'cmake_target_skip_unavailable' from command line to 'False'
[-1790660820475074560.000s] Level 5:colcon.colcon_core.verb:set package 'drone_control' build argument 'cmake_clean_cache' from command line to 'False'
[-1790660820475074560.000s] Level 5:colcon.colcon_core.verb:set package 'drone_control' build argument 'cmake_clean_first' from command line to 'False'
[-1790660820475074560.000s] Level 5:colcon.colcon_core.verb:set package 'drone_control' build argument 'cmake_force_configure' from command line to 'False'
[-1790660820475074560.000s] Level 5:colcon.colcon_core.verb:set package 'drone_control' build argument 'ament_cmake_args' from command line to 'None'
[-1790660820475074560.000s] Level 5:colcon.colcon_core.verb:set package 'drone_control' build argument 'catkin_cmake_args' from command line to 'None'
[-1790660820475074560.000s] Level 5:colcon.colcon_core.verb:set package 'drone_control' build argument 'catkin_skip_building_tests' from command line to 'False'
[-1790660820475074560.000s] DEBUG:colcon.colcon_core.verb:Building package 'drone_control' with the following arguments: {'ament_cmake_args': None, 'build_base': '/home/sriram/Documents/projects/ros2drone/build/drone_control', 'catkin_cmake_args': None, 'catkin_skip_building_tests': False, 'cmake_args': None, 'cmake_clean_cache': False, 'cmake_clean_first': False, 'cmake_force_configure': False, 'cmake_target': None, 'cmake_target_skip_unavailable': False, 'install_base': '/home/sriram/Documents/projects/ros2drone/install/drone_control', 'merge_install': False, 'path': '/home/sriram/Documents/projects/ros2drone/src/drone_control', 'symlink_install': True, 'test_result_base': None}
[-1790660820475074560.000s] Level 5:colcon.colcon_core.verb:set package 'drone_description' build argument 'cmake_args' from command line to 'None'
[-1790660820475074560.000s] Level 5:colcon.colcon_core.verb:set package 'drone_description' build argument 'cmake_target' from command line to 'None'
[-1790660820475074560.000s] Level 5:colcon.colcon_core.verb:set package 'drone_description' build argument 'cmake_target_skip_unavailable' from command line to 'False'
[-1790660820475074560.000s] Level 5:colcon.colcon_core.verb:set package 'drone_description' build argument 'cmake_clean_cache' from command line to 'False'
[-1790660820475074560.000s] Level 5:colcon.colcon_core.verb:set package 'drone_description' build argument 'cmake_clean_first' from command line to 'False'
[-1790660820475074560.000s] Level 5:colcon.colcon_core.verb:set package 'drone_description' build argument 'cmake_force_configure' from command line to 'False'
[-1790660820475074560.000s] Level 5:colcon.colcon_core.verb:set package 'drone_description' build argument 'ament_cmake_args' from command line to 'None'
[-1790660820475074560.000s] Level 5:colcon.colcon_core.verb:set package 'drone_description' build argument 'catkin_cmake_args' from command line to 'None'
[-1790660820475074560.000s] Level 5:colcon.colcon_core.verb:set package 'drone_description' build argument 'catkin_skip_building_tests' from command line to 'False'
[-1790660820475074560.000s] DEBUG:colcon.colcon_core.verb:Building package 'drone_description' with the following arguments: {'ament_cmake_args': None, 'build_base': '/home/sriram/Documents/projects/ros2drone/build/drone_description', 'catkin_cmake_args': None, 'catkin_skip_building_tests': False, 'cmake_args': None, 'cmake_clean_cache': False, 'cmake_clean_first': False, 'cmake_force_configure': False, 'cmake_target': None, 'cmake_target_skip_unavailable': False, 'install_base': '/home/sriram/Documents/projects/ros2drone/install/drone_description', 'merge_install': False, 'path': '/home/sriram/Documents/projects/ros2drone/src/drone_description', 'symlink_install': True, 'test_result_base': None}
[-1790660820475074560.000s] Level 5:colcon.colcon_core.verb:set package 'drone_navigation' build argument 'cmake_args' from command line to 'None'
[-1790660820475074560.000s] Level 5:colcon.colcon_core.verb:set package 'drone_navigation' build argument 'cmake_target' from command line to 'None'
[-1790660820475074560.000s] Level 5:colcon.colcon_core.verb:set package 'drone_navigation' build argument 'cmake_target_skip_unavailable' from command line to 'False'
[-1790660820475074560.000s] Level 5:colcon.colcon_core.verb:set package 'drone_navigation' build argument 'cmake_clean_cache' from command line to 'False'
[-1790660820475074560.000s] Level 5:colcon.colcon_core.verb:set package 'drone_navigation' build argument 'cmake_clean_first' from command line to 'False'
[-1790660820475074560.000s] Level 5:colcon.colcon_core.verb:set package 'drone_navigation' build argument 'cmake_force_configure' from command line to 'False'
[-1790660820475074560.000s] Level 5:colcon.colcon_core.verb:set package 'drone_navigation' build argument 'ament_cmake_args' from command line to 'None'
[-1790660820475074560.000s] Level 5:colcon.colcon_core.verb:set package 'drone_navigation' build argument 'catkin_cmake_args' from command line to 'None'
[-1790660820475074560.000s] Level 5:colcon.colcon_core.verb:set package 'drone_navigation' build argument 'catkin_skip_building_tests' from command line to 'False'
[-1790660820475074560.000s] DEBUG:colcon.colcon_core.verb:Building package 'drone_navigation' with the following arguments: {'ament_cmake_args': None, 'build_base': '/home/sriram/Documents/projects/ros2drone/build/drone_navigation', 'catkin_cmake_args': None, 'catkin_skip_building_tests': False, 'cmake_args': None, 'cmake_clean_cache': False, 'cmake_clean_first': False, 'cmake_force_configure': False, 'cmake_target': None, 'cmake_target_skip_unavailable': False, 'install_base': '/home/sriram/Documents/projects/ros2drone/install/drone_navigation', 'merge_install': False, 'path': '/home/sriram/Documents/projects/ros2drone/src/drone_navigation', 'symlink_install': True, 'test_result_base': None}
[-1790660820475074560.000s] Level 5:colcon.colcon_core.verb:set package 'drone_slam' build argument 'cmake_args' from command line to 'None'
[-1790660820475074560.000s] Level 5:colcon.colcon_core.verb:set package 'drone_slam' build argument 'cmake_target' from command line to 'None'
[-1790660820475074560.000s] Level 5:colcon.colcon_core.verb:set package 'drone_slam' build argument 'cmake_target_skip_unavailable' from command line to 'False'
[-1790660820475074560.000s] Level 5:colcon.colcon_core.verb:set package 'drone_slam' build argument 'cmake_clean_cache' from command line to 'False'
[-1790660820475074560.000s] Level 5:colcon.colcon_core.verb:set package 'drone_slam' build argument 'cmake_clean_first' from command line to 'False'
[-1790660820475074560.000s] Level 5:colcon.colcon_core.verb:set package 'drone_slam' build argument 'cmake_force_configure' from command line to 'False'
[-1790660820475074560.000s] Level 5:colcon.colcon_core.verb:set package 'drone_slam' build argument 'ament_cmake_args' from command line to 'None'
[-1790660820475074560.000s] Level 5:colcon.colcon_core.verb:set package 'drone_slam' build argument 'catkin_cmake_args' from command line to 'None'
[-1790660820475074560.000s] Level 5:colcon.colcon_core.verb:set package 'drone_slam' build argument 'catkin_skip_building_tests' from command line to 'False'
[-1790660820475074560.000s] DEBUG:colcon.colcon_core.verb:Building package 'drone_slam' with the following arguments: {'ament_cmake_args': None, 'build_base': '/home/sriram/Documents/projects/ros2drone/build/drone_slam', 'catkin_cmake_args': None, 'catkin_skip_building_tests': False, 'cmake_args': None, 'cmake_clean_cache': False, 'cmake_clean_first': False, 'cmake_force_configure': False, 'cmake_target': None, 'cmake_target_skip_unavailable': False, 'install_base': '/home/sriram/Documents/projects/ros2drone/install/drone_slam', 'merge_install': False, 'path': '/home/sriram/Documents/projects/ros2drone/src/drone_slam', 'symlink_install': True, 'test_result_base': None}
[-1790660820475074560.000s] Level 5:colcon.colcon_core.verb:set package 'drone_vision' build argument 'cmake_args' from command line to 'None'
[-1790660820475074560.000s] Level 5:colcon.colcon_core.verb:set package 'drone_vision' build argument 'cmake_target' from command line to 'None'
[-1790660820475074560.000s] Level 5:colcon.colcon_core.verb:set package 'drone_vision' build argument 'cmake_target_skip_unavailable' from command line to 'False'
[-1790660820475074560.000s] Level 5:colcon.colcon_core.verb:set package 'drone_vision' build argument 'cmake_clean_cache' from command line to 'False'
[-1790660820475074560.000s] Level 5:colcon.colcon_core.verb:set package 'drone_vision' build argument 'cmake_clean_first' from command line to 'False'
[-1790660820475074560.000s] Level 5:colcon.colcon_core.verb:set package 'drone_vision' build argument 'cmake_force_configure' from command line to 'False'
[-1790660820475074560.000s] Level 5:colcon.colcon_core.verb:set package 'drone_vision' build argument 'ament_cmake_args' from command line to 'None'
[-1790660820475074560.000s] Level 5:colcon.colcon_core.verb:set package 'drone_vision' build argument 'catkin_cmake_args' from command line to 'None'
[-1790660820475074560.000s] Level 5:colcon.colcon_core.verb:set package 'drone_vision' build argument 'catkin_skip_building_tests' from command line to 'False'
[-1790660820475074560.000s] DEBUG:colcon.colcon_core.verb:Building package 'drone_vision' with the following arguments: {'ament_cmake_args': None, 'build_base': '/home/sriram/Documents/projects/ros2drone/build/drone_vision', 'catkin_cmake_args': None, 'catkin_skip_building_tests': False, 'cmake_args': None, 'cmake_clean_cache': False, 'cmake_clean_first': False, 'cmake_force_configure': False, 'cmake_target': None, 'cmake_target_skip_unavailable': False, 'install_base': '/home/sriram/Documents/projects/ros2drone/install/drone_vision', 'merge_install': False, 'path': '/home/sriram/Documents/projects/ros2drone/src/drone_vision', 'symlink_install': True, 'test_result_base': None}
[-1790660820475074560.000s] Level 5:colcon.colcon_core.verb:set package 'drone_gazebo' build argument 'cmake_args' from command line to 'None'
[-1790660820475074560.000s] Level 5:colcon.colcon_core.verb:set package 'drone_gazebo' build argument 'cmake_target' from command line to 'None'
[-1790660820475074560.000s] Level 5:colcon.colcon_core.verb:set package 'drone_gazebo' build argument 'cmake_target_skip_unavailable' from command line to 'False'
[-1790660820475074560.000s] Level 5:colcon.colcon_core.verb:set package 'drone_gazebo' build argument 'cmake_clean_cache' from command line to 'False'
[-1790660820475074560.000s] Level 5:colcon.colcon_core.verb:set package 'drone_gazebo' build argument 'cmake_clean_first' from command line to 'False'
[-1790660820475074560.000s] Level 5:colcon.colcon_core.verb:set package 'drone_gazebo' build argument 'cmake_force_configure' from command line to 'False'
[-1790660820475074560.000s] Level 5:colcon.colcon_core.verb:set package 'drone_gazebo' build argument 'ament_cmake_args' from command line to 'None'
[-1790660820475074560.000s] Level 5:colcon.colcon_core.verb:set package 'drone_gazebo' build argument 'catkin_cmake_args' from command line to 'None'
[-1790660820475074560.000s] Level 5:colcon.colcon_core.verb:set package 'drone_gazebo' build argument 'catkin_skip_building_tests' from command line to 'False'
[-1790660820475074560.000s] DEBUG:colcon.colcon_core.verb:Building package 'drone_gazebo' with the following arguments: {'ament_cmake_args': None, 'build_base': '/home/sriram/Documents/projects/ros2drone/build/drone_gazebo', 'catkin_cmake_args': None, 'catkin_skip_building_tests': False, 'cmake_args': None, 'cmake_clean_cache': False, 'cmake_clean_first': False, 'cmake_force_configure': False, 'cmake_target': None, 'cmake_target_skip_unavailable': False, 'install_base': '/home/sriram/Documents/projects/ros2drone/install/drone_gazebo', 'merge_install': False, 'path': '/home/sriram/Documents/projects/ros2drone/src/drone_gazebo', 'symlink_install': True, 'test_result_base': None}
[-1790660820475074560.000s] Level 5:colcon.colcon_core.verb:set package 'drone_bringup' build argument 'cmake_args' from command line to 'None'
[-1790660820475074560.000s] Level 5:colcon.colcon_core.verb:set package 'drone_bringup' build argument 'cmake_target' from command line to 'None'
[-1790660820475074560.000s] Level 5:colcon.colcon_core.verb:set package 'drone_bringup' build argument 'cmake_target_skip_unavailable' from command line to 'False'
[-1790660820475074560.000s] Level 5:colcon.colcon_core.verb:set package 'drone_bringup' build argument 'cmake_clean_cache' from command line to 'False'
[-1790660820475074560.000s] Level 5:colcon.colcon_core.verb:set package 'drone_bringup' build argument 'cmake_clean_first' from command line to 'False'
[-1790660820475074560.000s] Level 5:colcon.colcon_core.verb:set package 'drone_bringup' build argument 'cmake_force_configure' from command line to 'False'
[-1790660820475074560.000s] Level 5:colcon.colcon_core.verb:set package 'drone_bringup' build argument 'ament_cmake_args' from command line to 'None'
[-1790660820475074560.000s] Level 5:colcon.colcon_core.verb:set package 'drone_bringup' build argument 'catkin_cmake_args' from command line to 'None'
[-1790660820475074560.000s] Level 5:colcon.colcon_core.verb:set package 'drone_bringup' build argument 'catkin_skip_building_tests' from command line to 'False'
[-1790660820475074560.000s] DEBUG:colcon.colcon_core.verb:Building package 'drone_bringup' with the following arguments: {'ament_cmake_args': None, 'build_base': '/home/sriram/Documents/projects/ros2drone/build/drone_bringup', 'catkin_cmake_args': None, 'catkin_skip_building_tests': False, 'cmake_args': None, 'cmake_clean_cache': False, 'cmake_clean_first': False, 'cmake_force_configure': False, 'cmake_target': None, 'cmake_target_skip_unavailable': False, 'install_base': '/home/sriram/Documents/projects/ros2drone/install/drone_bringup', 'merge_install': False, 'path': '/home/sriram/Documents/projects/ros2drone/src/drone_bringup', 'symlink_install': True, 'test_result_base': None}
[-1790660820475074560.000s] INFO:colcon.colcon_core.executor:Executing jobs using 'parallel' executor
[-1790660820475074560.000s] DEBUG:colcon.colcon_parallel_executor.executor.parallel:run_until_complete
[-1790660820475074560.000s] INFO:colcon.colcon_ros.task.ament_cmake.build:Building ROS package in '/home/sriram/Documents/projects/ros2drone/src/drone_description' with build type 'ament_cmake'
[-1790660820475074560.000s] INFO:colcon.colcon_cmake.task.cmake.build:Building CMake package in '/home/sriram/Documents/projects/ros2drone/src/drone_description'
[-1790660820475074560.000s] INFO:colcon.colcon_core.plugin_system:Skipping extension 'colcon_core.shell.bat': Not used on non-Windows systems
[-1790660820475074560.000s] INFO:colcon.colcon_core.shell:Skip shell extension 'powershell' for command environment: Not usable outside of PowerShell
[-1790660820475074560.000s] DEBUG:colcon.colcon_core.shell:Skip shell extension 'dsv' for command environment
[-1790660820475074560.000s] INFO:colcon.colcon_ros.task.ament_cmake.build:Building ROS package in '/home/sriram/Documents/projects/ros2drone/src/drone_control' with build type 'ament_cmake'
[-1790660820475074560.000s] INFO:colcon.colcon_cmake.task.cmake.build:Building CMake package in '/home/sriram/Documents/projects/ros2drone/src/drone_control'
[-1790660820475074560.000s] INFO:colcon.colcon_core.shell:Skip shell extension 'powershell' for command environment: Not usable outside of PowerShell
[-1790660820475074560.000s] DEBUG:colcon.colcon_core.shell:Skip shell extension 'dsv' for command environment
[-1790660820475074560.000s] INFO:colcon.colcon_ros.task.ament_cmake.build:Building ROS package in '/home/sriram/Documents/projects/ros2drone/src/drone_navigation' with build type 'ament_cmake'
[-1790660820475074560.000s] INFO:colcon.colcon_cmake.task.cmake.build:Building CMake package in '/home/sriram/Documents/projects/ros2drone/src/drone_navigation'
[-1790660820475074560.000s] INFO:colcon.colcon_core.shell:Skip shell extension 'powershell' for command environment: Not usable outside of PowerShell
[-1790660820475074560.000s] DEBUG:colcon.colcon_core.shell:Skip shell extension 'dsv' for command environment
[-1790660820475074560.000s] INFO:colcon.colcon_ros.task.ament_cmake.build:Building ROS package in '/home/sriram/Documents/projects/ros2drone/src/drone_slam' with build type 'ament_cmake'
[-1790660820475074560.000s] INFO:colcon.colcon_cmake.task.cmake.build:Building CMake package in '/home/sriram/Documents/projects/ros2drone/src/drone_slam'
[-1790660820475074560.000s] INFO:colcon.colcon_core.shell:Skip shell extension 'powershell' for command environment: Not usable outside of PowerShell
[-1790660820475074560.000s] DEBUG:colcon.colcon_core.shell:Skip shell extension 'dsv' for command environment
[-1790660820475074560.000s] INFO:colcon.colcon_ros.task.ament_cmake.build:Building ROS package in '/home/sriram/Documents/projects/ros2drone/src/drone_vision' with build type 'ament_cmake'
[-1790660820475074560.000s] INFO:colcon.colcon_cmake.task.cmake.build:Building CMake package in '/home/sriram/Documents/projects/ros2drone/src/drone_vision'
[-1790660820475074560.000s] INFO:colcon.colcon_core.shell:Skip shell extension 'powershell' for command environment: Not usable outside of PowerShell
[-1790660820475074560.000s] DEBUG:colcon.colcon_core.shell:Skip shell extension 'dsv' for command environment
[-1790660820475074560.000s] DEBUG:colcon.colcon_core.event_handler.log_command:Invoking command in '/home/sriram/Documents/projects/ros2drone/build/drone_description': CMAKE_PREFIX_PATH=${CMAKE_PREFIX_PATH}:/opt/ros/lyrical DEBUGINFOD_URLS=https://debuginfod.ubuntu.com PS1=\[\e]0;\u@\h: \w\a\]${debian_chroot:+($debian_chroot)}\[\033[01;32m\]\u@\h\[\033[00m\]:\[\033[01;34m\]\w\[\033[00m\]\$ VIRTUAL_ENV_PROMPT=(venv-ardupilot) /usr/bin/cmake /home/sriram/Documents/projects/ros2drone/src/drone_description -DAMENT_CMAKE_SYMLINK_INSTALL=1 -DCMAKE_INSTALL_PREFIX=/home/sriram/Documents/projects/ros2drone/install/drone_description
[-1790660820475074560.000s] DEBUG:colcon.colcon_core.event_handler.log_command:Invoking command in '/home/sriram/Documents/projects/ros2drone/build/drone_control': CMAKE_PREFIX_PATH=${CMAKE_PREFIX_PATH}:/opt/ros/lyrical DEBUGINFOD_URLS=https://debuginfod.ubuntu.com PS1=\[\e]0;\u@\h: \w\a\]${debian_chroot:+($debian_chroot)}\[\033[01;32m\]\u@\h\[\033[00m\]:\[\033[01;34m\]\w\[\033[00m\]\$ VIRTUAL_ENV_PROMPT=(venv-ardupilot) /usr/bin/cmake /home/sriram/Documents/projects/ros2drone/src/drone_control -DAMENT_CMAKE_SYMLINK_INSTALL=1 -DCMAKE_INSTALL_PREFIX=/home/sriram/Documents/projects/ros2drone/install/drone_control
[-1790660820475074560.000s] DEBUG:colcon.colcon_core.event_handler.log_command:Invoking command in '/home/sriram/Documents/projects/ros2drone/build/drone_navigation': CMAKE_PREFIX_PATH=${CMAKE_PREFIX_PATH}:/opt/ros/lyrical DEBUGINFOD_URLS=https://debuginfod.ubuntu.com PS1=\[\e]0;\u@\h: \w\a\]${debian_chroot:+($debian_chroot)}\[\033[01;32m\]\u@\h\[\033[00m\]:\[\033[01;34m\]\w\[\033[00m\]\$ VIRTUAL_ENV_PROMPT=(venv-ardupilot) /usr/bin/cmake /home/sriram/Documents/projects/ros2drone/src/drone_navigation -DAMENT_CMAKE_SYMLINK_INSTALL=1 -DCMAKE_INSTALL_PREFIX=/home/sriram/Documents/projects/ros2drone/install/drone_navigation
[-1790660820475074560.000s] DEBUG:colcon.colcon_core.event_handler.log_command:Invoking command in '/home/sriram/Documents/projects/ros2drone/build/drone_slam': CMAKE_PREFIX_PATH=${CMAKE_PREFIX_PATH}:/opt/ros/lyrical DEBUGINFOD_URLS=https://debuginfod.ubuntu.com PS1=\[\e]0;\u@\h: \w\a\]${debian_chroot:+($debian_chroot)}\[\033[01;32m\]\u@\h\[\033[00m\]:\[\033[01;34m\]\w\[\033[00m\]\$ VIRTUAL_ENV_PROMPT=(venv-ardupilot) /usr/bin/cmake /home/sriram/Documents/projects/ros2drone/src/drone_slam -DAMENT_CMAKE_SYMLINK_INSTALL=1 -DCMAKE_INSTALL_PREFIX=/home/sriram/Documents/projects/ros2drone/install/drone_slam
[-1790660820475074560.000s] DEBUG:colcon.colcon_core.event_handler.log_command:Invoking command in '/home/sriram/Documents/projects/ros2drone/build/drone_vision': CMAKE_PREFIX_PATH=${CMAKE_PREFIX_PATH}:/opt/ros/lyrical DEBUGINFOD_URLS=https://debuginfod.ubuntu.com PS1=\[\e]0;\u@\h: \w\a\]${debian_chroot:+($debian_chroot)}\[\033[01;32m\]\u@\h\[\033[00m\]:\[\033[01;34m\]\w\[\033[00m\]\$ VIRTUAL_ENV_PROMPT=(venv-ardupilot) /usr/bin/cmake /home/sriram/Documents/projects/ros2drone/src/drone_vision -DAMENT_CMAKE_SYMLINK_INSTALL=1 -DCMAKE_INSTALL_PREFIX=/home/sriram/Documents/projects/ros2drone/install/drone_vision
[-1790660820475074560.000s] DEBUG:colcon.colcon_core.event_handler.log_command:Invoked command in '/home/sriram/Documents/projects/ros2drone/build/drone_vision' returned '0': CMAKE_PREFIX_PATH=${CMAKE_PREFIX_PATH}:/opt/ros/lyrical DEBUGINFOD_URLS=https://debuginfod.ubuntu.com PS1=\[\e]0;\u@\h: \w\a\]${debian_chroot:+($debian_chroot)}\[\033[01;32m\]\u@\h\[\033[00m\]:\[\033[01;34m\]\w\[\033[00m\]\$ VIRTUAL_ENV_PROMPT=(venv-ardupilot) /usr/bin/cmake /home/sriram/Documents/projects/ros2drone/src/drone_vision -DAMENT_CMAKE_SYMLINK_INSTALL=1 -DCMAKE_INSTALL_PREFIX=/home/sriram/Documents/projects/ros2drone/install/drone_vision
[-1790660820475074560.000s] DEBUG:colcon.colcon_core.event_handler.log_command:Invoking command in '/home/sriram/Documents/projects/ros2drone/build/drone_vision': CMAKE_PREFIX_PATH=${CMAKE_PREFIX_PATH}:/opt/ros/lyrical DEBUGINFOD_URLS=https://debuginfod.ubuntu.com PS1=\[\e]0;\u@\h: \w\a\]${debian_chroot:+($debian_chroot)}\[\033[01;32m\]\u@\h\[\033[00m\]:\[\033[01;34m\]\w\[\033[00m\]\$ VIRTUAL_ENV_PROMPT=(venv-ardupilot) /usr/bin/cmake --build /home/sriram/Documents/projects/ros2drone/build/drone_vision -- -j8 -l8
[-1790660820475074560.000s] DEBUG:colcon.colcon_core.event_handler.log_command:Invoked command in '/home/sriram/Documents/projects/ros2drone/build/drone_navigation' returned '0': CMAKE_PREFIX_PATH=${CMAKE_PREFIX_PATH}:/opt/ros/lyrical DEBUGINFOD_URLS=https://debuginfod.ubuntu.com PS1=\[\e]0;\u@\h: \w\a\]${debian_chroot:+($debian_chroot)}\[\033[01;32m\]\u@\h\[\033[00m\]:\[\033[01;34m\]\w\[\033[00m\]\$ VIRTUAL_ENV_PROMPT=(venv-ardupilot) /usr/bin/cmake /home/sriram/Documents/projects/ros2drone/src/drone_navigation -DAMENT_CMAKE_SYMLINK_INSTALL=1 -DCMAKE_INSTALL_PREFIX=/home/sriram/Documents/projects/ros2drone/install/drone_navigation
[-1790660820475074560.000s] DEBUG:colcon.colcon_core.event_handler.log_command:Invoking command in '/home/sriram/Documents/projects/ros2drone/build/drone_navigation': CMAKE_PREFIX_PATH=${CMAKE_PREFIX_PATH}:/opt/ros/lyrical DEBUGINFOD_URLS=https://debuginfod.ubuntu.com PS1=\[\e]0;\u@\h: \w\a\]${debian_chroot:+($debian_chroot)}\[\033[01;32m\]\u@\h\[\033[00m\]:\[\033[01;34m\]\w\[\033[00m\]\$ VIRTUAL_ENV_PROMPT=(venv-ardupilot) /usr/bin/cmake --build /home/sriram/Documents/projects/ros2drone/build/drone_navigation -- -j8 -l8
[-1790660820475074560.000s] DEBUG:colcon.colcon_core.event_handler.log_command:Invoked command in '/home/sriram/Documents/projects/ros2drone/build/drone_control' returned '0': CMAKE_PREFIX_PATH=${CMAKE_PREFIX_PATH}:/opt/ros/lyrical DEBUGINFOD_URLS=https://debuginfod.ubuntu.com PS1=\[\e]0;\u@\h: \w\a\]${debian_chroot:+($debian_chroot)}\[\033[01;32m\]\u@\h\[\033[00m\]:\[\033[01;34m\]\w\[\033[00m\]\$ VIRTUAL_ENV_PROMPT=(venv-ardupilot) /usr/bin/cmake /home/sriram/Documents/projects/ros2drone/src/drone_control -DAMENT_CMAKE_SYMLINK_INSTALL=1 -DCMAKE_INSTALL_PREFIX=/home/sriram/Documents/projects/ros2drone/install/drone_control
[-1790660820475074560.000s] DEBUG:colcon.colcon_core.event_handler.log_command:Invoking command in '/home/sriram/Documents/projects/ros2drone/build/drone_control': CMAKE_PREFIX_PATH=${CMAKE_PREFIX_PATH}:/opt/ros/lyrical DEBUGINFOD_URLS=https://debuginfod.ubuntu.com PS1=\[\e]0;\u@\h: \w\a\]${debian_chroot:+($debian_chroot)}\[\033[01;32m\]\u@\h\[\033[00m\]:\[\033[01;34m\]\w\[\033[00m\]\$ VIRTUAL_ENV_PROMPT=(venv-ardupilot) /usr/bin/cmake --build /home/sriram/Documents/projects/ros2drone/build/drone_control -- -j8 -l8
[-1790660820475074560.000s] DEBUG:colcon.colcon_core.event_handler.log_command:Invoked command in '/home/sriram/Documents/projects/ros2drone/build/drone_description' returned '0': CMAKE_PREFIX_PATH=${CMAKE_PREFIX_PATH}:/opt/ros/lyrical DEBUGINFOD_URLS=https://debuginfod.ubuntu.com PS1=\[\e]0;\u@\h: \w\a\]${debian_chroot:+($debian_chroot)}\[\033[01;32m\]\u@\h\[\033[00m\]:\[\033[01;34m\]\w\[\033[00m\]\$ VIRTUAL_ENV_PROMPT=(venv-ardupilot) /usr/bin/cmake /home/sriram/Documents/projects/ros2drone/src/drone_description -DAMENT_CMAKE_SYMLINK_INSTALL=1 -DCMAKE_INSTALL_PREFIX=/home/sriram/Documents/projects/ros2drone/install/drone_description
[-1790660820475074560.000s] DEBUG:colcon.colcon_core.event_handler.log_command:Invoking command in '/home/sriram/Documents/projects/ros2drone/build/drone_description': CMAKE_PREFIX_PATH=${CMAKE_PREFIX_PATH}:/opt/ros/lyrical DEBUGINFOD_URLS=https://debuginfod.ubuntu.com PS1=\[\e]0;\u@\h: \w\a\]${debian_chroot:+($debian_chroot)}\[\033[01;32m\]\u@\h\[\033[00m\]:\[\033[01;34m\]\w\[\033[00m\]\$ VIRTUAL_ENV_PROMPT=(venv-ardupilot) /usr/bin/cmake --build /home/sriram/Documents/projects/ros2drone/build/drone_description -- -j8 -l8
[-1790660820475074560.000s] DEBUG:colcon.colcon_core.event_handler.log_command:Invoked command in '/home/sriram/Documents/projects/ros2drone/build/drone_vision' returned '0': CMAKE_PREFIX_PATH=${CMAKE_PREFIX_PATH}:/opt/ros/lyrical DEBUGINFOD_URLS=https://debuginfod.ubuntu.com PS1=\[\e]0;\u@\h: \w\a\]${debian_chroot:+($debian_chroot)}\[\033[01;32m\]\u@\h\[\033[00m\]:\[\033[01;34m\]\w\[\033[00m\]\$ VIRTUAL_ENV_PROMPT=(venv-ardupilot) /usr/bin/cmake --build /home/sriram/Documents/projects/ros2drone/build/drone_vision -- -j8 -l8
[-1790660820475074560.000s] DEBUG:colcon.colcon_core.event_handler.log_command:Invoking command in '/home/sriram/Documents/projects/ros2drone/build/drone_vision': CMAKE_PREFIX_PATH=${CMAKE_PREFIX_PATH}:/opt/ros/lyrical DEBUGINFOD_URLS=https://debuginfod.ubuntu.com PS1=\[\e]0;\u@\h: \w\a\]${debian_chroot:+($debian_chroot)}\[\033[01;32m\]\u@\h\[\033[00m\]:\[\033[01;34m\]\w\[\033[00m\]\$ VIRTUAL_ENV_PROMPT=(venv-ardupilot) /usr/bin/cmake --install /home/sriram/Documents/projects/ros2drone/build/drone_vision
[-1790660820475074560.000s] DEBUG:colcon.colcon_core.event_handler.log_command:Invoked command in '/home/sriram/Documents/projects/ros2drone/build/drone_control' returned '0': CMAKE_PREFIX_PATH=${CMAKE_PREFIX_PATH}:/opt/ros/lyrical DEBUGINFOD_URLS=https://debuginfod.ubuntu.com PS1=\[\e]0;\u@\h: \w\a\]${debian_chroot:+($debian_chroot)}\[\033[01;32m\]\u@\h\[\033[00m\]:\[\033[01;34m\]\w\[\033[00m\]\$ VIRTUAL_ENV_PROMPT=(venv-ardupilot) /usr/bin/cmake --build /home/sriram/Documents/projects/ros2drone/build/drone_control -- -j8 -l8
[-1790660820475074560.000s] DEBUG:colcon.colcon_core.event_handler.log_command:Invoking command in '/home/sriram/Documents/projects/ros2drone/build/drone_control': CMAKE_PREFIX_PATH=${CMAKE_PREFIX_PATH}:/opt/ros/lyrical DEBUGINFOD_URLS=https://debuginfod.ubuntu.com PS1=\[\e]0;\u@\h: \w\a\]${debian_chroot:+($debian_chroot)}\[\033[01;32m\]\u@\h\[\033[00m\]:\[\033[01;34m\]\w\[\033[00m\]\$ VIRTUAL_ENV_PROMPT=(venv-ardupilot) /usr/bin/cmake --install /home/sriram/Documents/projects/ros2drone/build/drone_control
[-1790660820475074560.000s] DEBUG:colcon.colcon_core.event_handler.log_command:Invoked command in '/home/sriram/Documents/projects/ros2drone/build/drone_navigation' returned '0': CMAKE_PREFIX_PATH=${CMAKE_PREFIX_PATH}:/opt/ros/lyrical DEBUGINFOD_URLS=https://debuginfod.ubuntu.com PS1=\[\e]0;\u@\h: \w\a\]${debian_chroot:+($debian_chroot)}\[\033[01;32m\]\u@\h\[\033[00m\]:\[\033[01;34m\]\w\[\033[00m\]\$ VIRTUAL_ENV_PROMPT=(venv-ardupilot) /usr/bin/cmake --build /home/sriram/Documents/projects/ros2drone/build/drone_navigation -- -j8 -l8
[-1790660820475074560.000s] DEBUG:colcon.colcon_core.event_handler.log_command:Invoking command in '/home/sriram/Documents/projects/ros2drone/build/drone_navigation': CMAKE_PREFIX_PATH=${CMAKE_PREFIX_PATH}:/opt/ros/lyrical DEBUGINFOD_URLS=https://debuginfod.ubuntu.com PS1=\[\e]0;\u@\h: \w\a\]${debian_chroot:+($debian_chroot)}\[\033[01;32m\]\u@\h\[\033[00m\]:\[\033[01;34m\]\w\[\033[00m\]\$ VIRTUAL_ENV_PROMPT=(venv-ardupilot) /usr/bin/cmake --install /home/sriram/Documents/projects/ros2drone/build/drone_navigation
[-1790660820475074560.000s] DEBUG:colcon.colcon_core.event_handler.log_command:Invoked command in '/home/sriram/Documents/projects/ros2drone/build/drone_description' returned '0': CMAKE_PREFIX_PATH=${CMAKE_PREFIX_PATH}:/opt/ros/lyrical DEBUGINFOD_URLS=https://debuginfod.ubuntu.com PS1=\[\e]0;\u@\h: \w\a\]${debian_chroot:+($debian_chroot)}\[\033[01;32m\]\u@\h\[\033[00m\]:\[\033[01;34m\]\w\[\033[00m\]\$ VIRTUAL_ENV_PROMPT=(venv-ardupilot) /usr/bin/cmake --build /home/sriram/Documents/projects/ros2drone/build/drone_description -- -j8 -l8
[-1790660820475074560.000s] DEBUG:colcon.colcon_core.event_handler.log_command:Invoking command in '/home/sriram/Documents/projects/ros2drone/build/drone_description': CMAKE_PREFIX_PATH=${CMAKE_PREFIX_PATH}:/opt/ros/lyrical DEBUGINFOD_URLS=https://debuginfod.ubuntu.com PS1=\[\e]0;\u@\h: \w\a\]${debian_chroot:+($debian_chroot)}\[\033[01;32m\]\u@\h\[\033[00m\]:\[\033[01;34m\]\w\[\033[00m\]\$ VIRTUAL_ENV_PROMPT=(venv-ardupilot) /usr/bin/cmake --install /home/sriram/Documents/projects/ros2drone/build/drone_description
[-1790660820475074560.000s] Level 1:colcon.colcon_core.environment:create_environment_scripts_only(drone_vision)
[-1790660820475074560.000s] DEBUG:colcon.colcon_core.event_handler.log_command:Invoked command in '/home/sriram/Documents/projects/ros2drone/build/drone_vision' returned '0': CMAKE_PREFIX_PATH=${CMAKE_PREFIX_PATH}:/opt/ros/lyrical DEBUGINFOD_URLS=https://debuginfod.ubuntu.com PS1=\[\e]0;\u@\h: \w\a\]${debian_chroot:+($debian_chroot)}\[\033[01;32m\]\u@\h\[\033[00m\]:\[\033[01;34m\]\w\[\033[00m\]\$ VIRTUAL_ENV_PROMPT=(venv-ardupilot) /usr/bin/cmake --install /home/sriram/Documents/projects/ros2drone/build/drone_vision
[-1790660820475074560.000s] Level 1:colcon.colcon_core.environment:checking '/home/sriram/Documents/projects/ros2drone/install/drone_vision' for CMake module files
[-1790660820475074560.000s] Level 1:colcon.colcon_core.environment:checking '/home/sriram/Documents/projects/ros2drone/install/drone_vision' for CMake config files
[-1790660820475074560.000s] Level 1:colcon.colcon_core.shell:create_environment_hook('drone_vision', 'cmake_prefix_path')
[-1790660820475074560.000s] INFO:colcon.colcon_core.shell:Creating environment hook '/home/sriram/Documents/projects/ros2drone/install/drone_vision/share/drone_vision/hook/cmake_prefix_path.ps1'
[-1790660820475074560.000s] INFO:colcon.colcon_core.shell:Creating environment descriptor '/home/sriram/Documents/projects/ros2drone/install/drone_vision/share/drone_vision/hook/cmake_prefix_path.dsv'
[-1790660820475074560.000s] INFO:colcon.colcon_core.shell:Creating environment hook '/home/sriram/Documents/projects/ros2drone/install/drone_vision/share/drone_vision/hook/cmake_prefix_path.sh'
[-1790660820475074560.000s] Level 1:colcon.colcon_core.environment:checking '/home/sriram/Documents/projects/ros2drone/install/drone_vision/lib'
[-1790660820475074560.000s] Level 1:colcon.colcon_core.environment:checking '/home/sriram/Documents/projects/ros2drone/install/drone_vision/bin'
[-1790660820475074560.000s] Level 1:colcon.colcon_core.environment:checking '/home/sriram/Documents/projects/ros2drone/install/drone_vision/lib/pkgconfig/drone_vision.pc'
[-1790660820475074560.000s] Level 1:colcon.colcon_core.environment:checking '/home/sriram/Documents/projects/ros2drone/install/drone_vision/lib/python3.14/site-packages'
[-1790660820475074560.000s] Level 1:colcon.colcon_core.environment:checking '/home/sriram/Documents/projects/ros2drone/install/drone_vision/bin'
[-1790660820475074560.000s] INFO:colcon.colcon_core.shell:Creating package script '/home/sriram/Documents/projects/ros2drone/install/drone_vision/share/drone_vision/package.ps1'
[-1790660820475074560.000s] INFO:colcon.colcon_core.shell:Creating package descriptor '/home/sriram/Documents/projects/ros2drone/install/drone_vision/share/drone_vision/package.dsv'
[-1790660820475074560.000s] INFO:colcon.colcon_core.shell:Creating package script '/home/sriram/Documents/projects/ros2drone/install/drone_vision/share/drone_vision/package.sh'
[-1790660820475074560.000s] INFO:colcon.colcon_core.shell:Creating package script '/home/sriram/Documents/projects/ros2drone/install/drone_vision/share/drone_vision/package.bash'
[-1790660820475074560.000s] INFO:colcon.colcon_core.shell:Creating package script '/home/sriram/Documents/projects/ros2drone/install/drone_vision/share/drone_vision/package.zsh'
[-1790660820475074560.000s] Level 1:colcon.colcon_core.environment:create_file_with_runtime_dependencies(/home/sriram/Documents/projects/ros2drone/install/drone_vision/share/colcon-core/packages/drone_vision)
[-1790660820475074560.000s] Level 1:colcon.colcon_core.environment:create_environment_scripts_only(drone_vision)
[-1790660820475074560.000s] Level 1:colcon.colcon_core.environment:checking '/home/sriram/Documents/projects/ros2drone/install/drone_vision' for CMake module files
[-1790660820475074560.000s] Level 1:colcon.colcon_core.environment:checking '/home/sriram/Documents/projects/ros2drone/install/drone_vision' for CMake config files
[-1790660820475074560.000s] Level 1:colcon.colcon_core.shell:create_environment_hook('drone_vision', 'cmake_prefix_path')
[-1790660820475074560.000s] INFO:colcon.colcon_core.shell:Creating environment hook '/home/sriram/Documents/projects/ros2drone/install/drone_vision/share/drone_vision/hook/cmake_prefix_path.ps1'
[-1790660820475074560.000s] INFO:colcon.colcon_core.shell:Creating environment descriptor '/home/sriram/Documents/projects/ros2drone/install/drone_vision/share/drone_vision/hook/cmake_prefix_path.dsv'
[-1790660820475074560.000s] INFO:colcon.colcon_core.shell:Creating environment hook '/home/sriram/Documents/projects/ros2drone/install/drone_vision/share/drone_vision/hook/cmake_prefix_path.sh'
[-1790660820475074560.000s] Level 1:colcon.colcon_core.environment:checking '/home/sriram/Documents/projects/ros2drone/install/drone_vision/lib'
[-1790660820475074560.000s] Level 1:colcon.colcon_core.environment:checking '/home/sriram/Documents/projects/ros2drone/install/drone_vision/bin'
[-1790660820475074560.000s] Level 1:colcon.colcon_core.environment:checking '/home/sriram/Documents/projects/ros2drone/install/drone_vision/lib/pkgconfig/drone_vision.pc'
[-1790660820475074560.000s] Level 1:colcon.colcon_core.environment:checking '/home/sriram/Documents/projects/ros2drone/install/drone_vision/lib/python3.14/site-packages'
[-1790660820475074560.000s] Level 1:colcon.colcon_core.environment:checking '/home/sriram/Documents/projects/ros2drone/install/drone_vision/bin'
[-1790660820475074560.000s] INFO:colcon.colcon_core.shell:Creating package script '/home/sriram/Documents/projects/ros2drone/install/drone_vision/share/drone_vision/package.ps1'
[-1790660820475074560.000s] INFO:colcon.colcon_core.shell:Creating package descriptor '/home/sriram/Documents/projects/ros2drone/install/drone_vision/share/drone_vision/package.dsv'
[-1790660820475074560.000s] INFO:colcon.colcon_core.shell:Creating package script '/home/sriram/Documents/projects/ros2drone/install/drone_vision/share/drone_vision/package.sh'
[-1790660820475074560.000s] INFO:colcon.colcon_core.shell:Creating package script '/home/sriram/Documents/projects/ros2drone/install/drone_vision/share/drone_vision/package.bash'
[-1790660820475074560.000s] INFO:colcon.colcon_core.shell:Creating package script '/home/sriram/Documents/projects/ros2drone/install/drone_vision/share/drone_vision/package.zsh'
[-1790660820475074560.000s] Level 1:colcon.colcon_core.environment:create_file_with_runtime_dependencies(/home/sriram/Documents/projects/ros2drone/install/drone_vision/share/colcon-core/packages/drone_vision)
[-1790660820475074560.000s] Level 1:colcon.colcon_core.environment:create_environment_scripts_only(drone_control)
[-1790660820475074560.000s] Level 1:colcon.colcon_core.environment:checking '/home/sriram/Documents/projects/ros2drone/install/drone_control' for CMake module files
[-1790660820475074560.000s] DEBUG:colcon.colcon_core.event_handler.log_command:Invoked command in '/home/sriram/Documents/projects/ros2drone/build/drone_control' returned '0': CMAKE_PREFIX_PATH=${CMAKE_PREFIX_PATH}:/opt/ros/lyrical DEBUGINFOD_URLS=https://debuginfod.ubuntu.com PS1=\[\e]0;\u@\h: \w\a\]${debian_chroot:+($debian_chroot)}\[\033[01;32m\]\u@\h\[\033[00m\]:\[\033[01;34m\]\w\[\033[00m\]\$ VIRTUAL_ENV_PROMPT=(venv-ardupilot) /usr/bin/cmake --install /home/sriram/Documents/projects/ros2drone/build/drone_control
[-1790660820475074560.000s] Level 1:colcon.colcon_core.environment:checking '/home/sriram/Documents/projects/ros2drone/install/drone_control' for CMake config files
[-1790660820475074560.000s] Level 1:colcon.colcon_core.shell:create_environment_hook('drone_control', 'cmake_prefix_path')
[-1790660820475074560.000s] INFO:colcon.colcon_core.shell:Creating environment hook '/home/sriram/Documents/projects/ros2drone/install/drone_control/share/drone_control/hook/cmake_prefix_path.ps1'
[-1790660820475074560.000s] INFO:colcon.colcon_core.shell:Creating environment descriptor '/home/sriram/Documents/projects/ros2drone/install/drone_control/share/drone_control/hook/cmake_prefix_path.dsv'
[-1790660820475074560.000s] INFO:colcon.colcon_core.shell:Creating environment hook '/home/sriram/Documents/projects/ros2drone/install/drone_control/share/drone_control/hook/cmake_prefix_path.sh'
[-1790660820475074560.000s] Level 1:colcon.colcon_core.environment:checking '/home/sriram/Documents/projects/ros2drone/install/drone_control/lib'
[-1790660820475074560.000s] Level 1:colcon.colcon_core.environment:checking '/home/sriram/Documents/projects/ros2drone/install/drone_control/bin'
[-1790660820475074560.000s] Level 1:colcon.colcon_core.environment:checking '/home/sriram/Documents/projects/ros2drone/install/drone_control/lib/pkgconfig/drone_control.pc'
[-1790660820475074560.000s] Level 1:colcon.colcon_core.environment:checking '/home/sriram/Documents/projects/ros2drone/install/drone_control/lib/python3.14/site-packages'
[-1790660820475074560.000s] Level 1:colcon.colcon_core.environment:checking '/home/sriram/Documents/projects/ros2drone/install/drone_control/bin'
[-1790660820475074560.000s] INFO:colcon.colcon_core.shell:Creating package script '/home/sriram/Documents/projects/ros2drone/install/drone_control/share/drone_control/package.ps1'
[-1790660820475074560.000s] INFO:colcon.colcon_core.shell:Creating package descriptor '/home/sriram/Documents/projects/ros2drone/install/drone_control/share/drone_control/package.dsv'
[-1790660820475074560.000s] INFO:colcon.colcon_core.shell:Creating package script '/home/sriram/Documents/projects/ros2drone/install/drone_control/share/drone_control/package.sh'
[-1790660820475074560.000s] INFO:colcon.colcon_core.shell:Creating package script '/home/sriram/Documents/projects/ros2drone/install/drone_control/share/drone_control/package.bash'
[-1790660820475074560.000s] INFO:colcon.colcon_core.shell:Creating package script '/home/sriram/Documents/projects/ros2drone/install/drone_control/share/drone_control/package.zsh'
[-1790660820475074560.000s] Level 1:colcon.colcon_core.environment:create_file_with_runtime_dependencies(/home/sriram/Documents/projects/ros2drone/install/drone_control/share/colcon-core/packages/drone_control)
[-1790660820475074560.000s] Level 1:colcon.colcon_core.environment:create_environment_scripts_only(drone_control)
[-1790660820475074560.000s] Level 1:colcon.colcon_core.environment:checking '/home/sriram/Documents/projects/ros2drone/install/drone_control' for CMake module files
[-1790660820475074560.000s] Level 1:colcon.colcon_core.environment:checking '/home/sriram/Documents/projects/ros2drone/install/drone_control' for CMake config files
[-1790660820475074560.000s] Level 1:colcon.colcon_core.shell:create_environment_hook('drone_control', 'cmake_prefix_path')
[-1790660820475074560.000s] INFO:colcon.colcon_core.shell:Creating environment hook '/home/sriram/Documents/projects/ros2drone/install/drone_control/share/drone_control/hook/cmake_prefix_path.ps1'
[-1790660820475074560.000s] INFO:colcon.colcon_core.shell:Creating environment descriptor '/home/sriram/Documents/projects/ros2drone/install/drone_control/share/drone_control/hook/cmake_prefix_path.dsv'
[-1790660820475074560.000s] INFO:colcon.colcon_core.shell:Creating environment hook '/home/sriram/Documents/projects/ros2drone/install/drone_control/share/drone_control/hook/cmake_prefix_path.sh'
[-1790660820475074560.000s] Level 1:colcon.colcon_core.environment:checking '/home/sriram/Documents/projects/ros2drone/install/drone_control/lib'
[-1790660820475074560.000s] Level 1:colcon.colcon_core.environment:checking '/home/sriram/Documents/projects/ros2drone/install/drone_control/bin'
[-1790660820475074560.000s] Level 1:colcon.colcon_core.environment:checking '/home/sriram/Documents/projects/ros2drone/install/drone_control/lib/pkgconfig/drone_control.pc'
[-1790660820475074560.000s] Level 1:colcon.colcon_core.environment:checking '/home/sriram/Documents/projects/ros2drone/install/drone_control/lib/python3.14/site-packages'
[-1790660820475074560.000s] Level 1:colcon.colcon_core.environment:checking '/home/sriram/Documents/projects/ros2drone/install/drone_control/bin'
[-1790660820475074560.000s] INFO:colcon.colcon_core.shell:Creating package script '/home/sriram/Documents/projects/ros2drone/install/drone_control/share/drone_control/package.ps1'
[-1790660820475074560.000s] INFO:colcon.colcon_core.shell:Creating package descriptor '/home/sriram/Documents/projects/ros2drone/install/drone_control/share/drone_control/package.dsv'
[-1790660820475074560.000s] INFO:colcon.colcon_core.shell:Creating package script '/home/sriram/Documents/projects/ros2drone/install/drone_control/share/drone_control/package.sh'
[-1790660820475074560.000s] INFO:colcon.colcon_core.shell:Creating package script '/home/sriram/Documents/projects/ros2drone/install/drone_control/share/drone_control/package.bash'
[-1790660820475074560.000s] INFO:colcon.colcon_core.shell:Creating package script '/home/sriram/Documents/projects/ros2drone/install/drone_control/share/drone_control/package.zsh'
[-1790660820475074560.000s] Level 1:colcon.colcon_core.environment:create_file_with_runtime_dependencies(/home/sriram/Documents/projects/ros2drone/install/drone_control/share/colcon-core/packages/drone_control)
[-1790660820475074560.000s] Level 1:colcon.colcon_core.environment:create_environment_scripts_only(drone_navigation)
[-1790660820475074560.000s] Level 1:colcon.colcon_core.environment:checking '/home/sriram/Documents/projects/ros2drone/install/drone_navigation' for CMake module files
[-1790660820475074560.000s] DEBUG:colcon.colcon_core.event_handler.log_command:Invoked command in '/home/sriram/Documents/projects/ros2drone/build/drone_navigation' returned '0': CMAKE_PREFIX_PATH=${CMAKE_PREFIX_PATH}:/opt/ros/lyrical DEBUGINFOD_URLS=https://debuginfod.ubuntu.com PS1=\[\e]0;\u@\h: \w\a\]${debian_chroot:+($debian_chroot)}\[\033[01;32m\]\u@\h\[\033[00m\]:\[\033[01;34m\]\w\[\033[00m\]\$ VIRTUAL_ENV_PROMPT=(venv-ardupilot) /usr/bin/cmake --install /home/sriram/Documents/projects/ros2drone/build/drone_navigation
[-1790660820475074560.000s] Level 1:colcon.colcon_core.environment:checking '/home/sriram/Documents/projects/ros2drone/install/drone_navigation' for CMake config files
[-1790660820475074560.000s] Level 1:colcon.colcon_core.shell:create_environment_hook('drone_navigation', 'cmake_prefix_path')
[-1790660820475074560.000s] INFO:colcon.colcon_core.shell:Creating environment hook '/home/sriram/Documents/projects/ros2drone/install/drone_navigation/share/drone_navigation/hook/cmake_prefix_path.ps1'
[-1790660820475074560.000s] INFO:colcon.colcon_core.shell:Creating environment descriptor '/home/sriram/Documents/projects/ros2drone/install/drone_navigation/share/drone_navigation/hook/cmake_prefix_path.dsv'
[-1790660820475074560.000s] INFO:colcon.colcon_core.shell:Creating environment hook '/home/sriram/Documents/projects/ros2drone/install/drone_navigation/share/drone_navigation/hook/cmake_prefix_path.sh'
[-1790660820475074560.000s] Level 1:colcon.colcon_core.environment:checking '/home/sriram/Documents/projects/ros2drone/install/drone_navigation/lib'
[-1790660820475074560.000s] Level 1:colcon.colcon_core.environment:checking '/home/sriram/Documents/projects/ros2drone/install/drone_navigation/bin'
[-1790660820475074560.000s] Level 1:colcon.colcon_core.environment:checking '/home/sriram/Documents/projects/ros2drone/install/drone_navigation/lib/pkgconfig/drone_navigation.pc'
[-1790660820475074560.000s] Level 1:colcon.colcon_core.environment:checking '/home/sriram/Documents/projects/ros2drone/install/drone_navigation/lib/python3.14/site-packages'
[-1790660820475074560.000s] Level 1:colcon.colcon_core.environment:checking '/home/sriram/Documents/projects/ros2drone/install/drone_navigation/bin'
[-1790660820475074560.000s] INFO:colcon.colcon_core.shell:Creating package script '/home/sriram/Documents/projects/ros2drone/install/drone_navigation/share/drone_navigation/package.ps1'
[-1790660820475074560.000s] INFO:colcon.colcon_core.shell:Creating package descriptor '/home/sriram/Documents/projects/ros2drone/install/drone_navigation/share/drone_navigation/package.dsv'
[-1790660820475074560.000s] INFO:colcon.colcon_core.shell:Creating package script '/home/sriram/Documents/projects/ros2drone/install/drone_navigation/share/drone_navigation/package.sh'
[-1790660820475074560.000s] INFO:colcon.colcon_core.shell:Creating package script '/home/sriram/Documents/projects/ros2drone/install/drone_navigation/share/drone_navigation/package.bash'
[-1790660820475074560.000s] INFO:colcon.colcon_core.shell:Creating package script '/home/sriram/Documents/projects/ros2drone/install/drone_navigation/share/drone_navigation/package.zsh'
[-1790660820475074560.000s] Level 1:colcon.colcon_core.environment:create_file_with_runtime_dependencies(/home/sriram/Documents/projects/ros2drone/install/drone_navigation/share/colcon-core/packages/drone_navigation)
[-1790660820475074560.000s] Level 1:colcon.colcon_core.environment:create_environment_scripts_only(drone_navigation)
[-1790660820475074560.000s] Level 1:colcon.colcon_core.environment:checking '/home/sriram/Documents/projects/ros2drone/install/drone_navigation' for CMake module files
[-1790660820475074560.000s] Level 1:colcon.colcon_core.environment:checking '/home/sriram/Documents/projects/ros2drone/install/drone_navigation' for CMake config files
[-1790660820475074560.000s] Level 1:colcon.colcon_core.shell:create_environment_hook('drone_navigation', 'cmake_prefix_path')
[-1790660820475074560.000s] INFO:colcon.colcon_core.shell:Creating environment hook '/home/sriram/Documents/projects/ros2drone/install/drone_navigation/share/drone_navigation/hook/cmake_prefix_path.ps1'
[-1790660820475074560.000s] INFO:colcon.colcon_core.shell:Creating environment descriptor '/home/sriram/Documents/projects/ros2drone/install/drone_navigation/share/drone_navigation/hook/cmake_prefix_path.dsv'
[-1790660820475074560.000s] INFO:colcon.colcon_core.shell:Creating environment hook '/home/sriram/Documents/projects/ros2drone/install/drone_navigation/share/drone_navigation/hook/cmake_prefix_path.sh'
[-1790660820475074560.000s] Level 1:colcon.colcon_core.environment:checking '/home/sriram/Documents/projects/ros2drone/install/drone_navigation/lib'
[-1790660820475074560.000s] Level 1:colcon.colcon_core.environment:checking '/home/sriram/Documents/projects/ros2drone/install/drone_navigation/bin'
[-1790660820475074560.000s] Level 1:colcon.colcon_core.environment:checking '/home/sriram/Documents/projects/ros2drone/install/drone_navigation/lib/pkgconfig/drone_navigation.pc'
[-1790660820475074560.000s] Level 1:colcon.colcon_core.environment:checking '/home/sriram/Documents/projects/ros2drone/install/drone_navigation/lib/python3.14/site-packages'
[-1790660820475074560.000s] Level 1:colcon.colcon_core.environment:checking '/home/sriram/Documents/projects/ros2drone/install/drone_navigation/bin'
[-1790660820475074560.000s] INFO:colcon.colcon_core.shell:Creating package script '/home/sriram/Documents/projects/ros2drone/install/drone_navigation/share/drone_navigation/package.ps1'
[-1790660820475074560.000s] INFO:colcon.colcon_core.shell:Creating package descriptor '/home/sriram/Documents/projects/ros2drone/install/drone_navigation/share/drone_navigation/package.dsv'
[-1790660820475074560.000s] INFO:colcon.colcon_core.shell:Creating package script '/home/sriram/Documents/projects/ros2drone/install/drone_navigation/share/drone_navigation/package.sh'
[-1790660820475074560.000s] INFO:colcon.colcon_core.shell:Creating package script '/home/sriram/Documents/projects/ros2drone/install/drone_navigation/share/drone_navigation/package.bash'
[-1790660820475074560.000s] INFO:colcon.colcon_core.shell:Creating package script '/home/sriram/Documents/projects/ros2drone/install/drone_navigation/share/drone_navigation/package.zsh'
[-1790660820475074560.000s] Level 1:colcon.colcon_core.environment:create_file_with_runtime_dependencies(/home/sriram/Documents/projects/ros2drone/install/drone_navigation/share/colcon-core/packages/drone_navigation)
[-1790660820475074560.000s] Level 1:colcon.colcon_core.environment:create_environment_scripts_only(drone_description)
[-1790660820475074560.000s] Level 1:colcon.colcon_core.environment:checking '/home/sriram/Documents/projects/ros2drone/install/drone_description' for CMake module files
[-1790660820475074560.000s] DEBUG:colcon.colcon_core.event_handler.log_command:Invoked command in '/home/sriram/Documents/projects/ros2drone/build/drone_description' returned '0': CMAKE_PREFIX_PATH=${CMAKE_PREFIX_PATH}:/opt/ros/lyrical DEBUGINFOD_URLS=https://debuginfod.ubuntu.com PS1=\[\e]0;\u@\h: \w\a\]${debian_chroot:+($debian_chroot)}\[\033[01;32m\]\u@\h\[\033[00m\]:\[\033[01;34m\]\w\[\033[00m\]\$ VIRTUAL_ENV_PROMPT=(venv-ardupilot) /usr/bin/cmake --install /home/sriram/Documents/projects/ros2drone/build/drone_description
[-1790660820475074560.000s] Level 1:colcon.colcon_core.environment:checking '/home/sriram/Documents/projects/ros2drone/install/drone_description' for CMake config files
[-1790660820475074560.000s] Level 1:colcon.colcon_core.shell:create_environment_hook('drone_description', 'cmake_prefix_path')
[-1790660820475074560.000s] INFO:colcon.colcon_core.shell:Creating environment hook '/home/sriram/Documents/projects/ros2drone/install/drone_description/share/drone_description/hook/cmake_prefix_path.ps1'
[-1790660820475074560.000s] INFO:colcon.colcon_core.shell:Creating environment descriptor '/home/sriram/Documents/projects/ros2drone/install/drone_description/share/drone_description/hook/cmake_prefix_path.dsv'
[-1790660820475074560.000s] INFO:colcon.colcon_core.shell:Creating environment hook '/home/sriram/Documents/projects/ros2drone/install/drone_description/share/drone_description/hook/cmake_prefix_path.sh'
[-1790660820475074560.000s] Level 1:colcon.colcon_core.environment:checking '/home/sriram/Documents/projects/ros2drone/install/drone_description/bin'
[-1790660820475074560.000s] Level 1:colcon.colcon_core.environment:checking '/home/sriram/Documents/projects/ros2drone/install/drone_description/lib/pkgconfig/drone_description.pc'
[-1790660820475074560.000s] Level 1:colcon.colcon_core.environment:checking '/home/sriram/Documents/projects/ros2drone/install/drone_description/lib/python3.14/site-packages'
[-1790660820475074560.000s] Level 1:colcon.colcon_core.environment:checking '/home/sriram/Documents/projects/ros2drone/install/drone_description/bin'
[-1790660820475074560.000s] INFO:colcon.colcon_core.shell:Creating package script '/home/sriram/Documents/projects/ros2drone/install/drone_description/share/drone_description/package.ps1'
[-1790660820475074560.000s] INFO:colcon.colcon_core.shell:Creating package descriptor '/home/sriram/Documents/projects/ros2drone/install/drone_description/share/drone_description/package.dsv'
[-1790660820475074560.000s] INFO:colcon.colcon_core.shell:Creating package script '/home/sriram/Documents/projects/ros2drone/install/drone_description/share/drone_description/package.sh'
[-1790660820475074560.000s] INFO:colcon.colcon_core.shell:Creating package script '/home/sriram/Documents/projects/ros2drone/install/drone_description/share/drone_description/package.bash'
[-1790660820475074560.000s] INFO:colcon.colcon_core.shell:Creating package script '/home/sriram/Documents/projects/ros2drone/install/drone_description/share/drone_description/package.zsh'
[-1790660820475074560.000s] Level 1:colcon.colcon_core.environment:create_file_with_runtime_dependencies(/home/sriram/Documents/projects/ros2drone/install/drone_description/share/colcon-core/packages/drone_description)
[-1790660820475074560.000s] Level 1:colcon.colcon_core.environment:create_environment_scripts_only(drone_description)
[-1790660820475074560.000s] Level 1:colcon.colcon_core.environment:checking '/home/sriram/Documents/projects/ros2drone/install/drone_description' for CMake module files
[-1790660820475074560.000s] Level 1:colcon.colcon_core.environment:checking '/home/sriram/Documents/projects/ros2drone/install/drone_description' for CMake config files
[-1790660820475074560.000s] Level 1:colcon.colcon_core.shell:create_environment_hook('drone_description', 'cmake_prefix_path')
[-1790660820475074560.000s] INFO:colcon.colcon_core.shell:Creating environment hook '/home/sriram/Documents/projects/ros2drone/install/drone_description/share/drone_description/hook/cmake_prefix_path.ps1'
[-1790660820475074560.000s] INFO:colcon.colcon_core.shell:Creating environment descriptor '/home/sriram/Documents/projects/ros2drone/install/drone_description/share/drone_description/hook/cmake_prefix_path.dsv'
[-1790660820475074560.000s] INFO:colcon.colcon_core.shell:Creating environment hook '/home/sriram/Documents/projects/ros2drone/install/drone_description/share/drone_description/hook/cmake_prefix_path.sh'
[-1790660820475074560.000s] Level 1:colcon.colcon_core.environment:checking '/home/sriram/Documents/projects/ros2drone/install/drone_description/bin'
[-1790660820475074560.000s] Level 1:colcon.colcon_core.environment:checking '/home/sriram/Documents/projects/ros2drone/install/drone_description/lib/pkgconfig/drone_description.pc'
[-1790660820475074560.000s] Level 1:colcon.colcon_core.environment:checking '/home/sriram/Documents/projects/ros2drone/install/drone_description/lib/python3.14/site-packages'
[-1790660820475074560.000s] Level 1:colcon.colcon_core.environment:checking '/home/sriram/Documents/projects/ros2drone/install/drone_description/bin'
[-1790660820475074560.000s] INFO:colcon.colcon_core.shell:Creating package script '/home/sriram/Documents/projects/ros2drone/install/drone_description/share/drone_description/package.ps1'
[-1790660820475074560.000s] INFO:colcon.colcon_core.shell:Creating package descriptor '/home/sriram/Documents/projects/ros2drone/install/drone_description/share/drone_description/package.dsv'
[-1790660820475074560.000s] INFO:colcon.colcon_core.shell:Creating package script '/home/sriram/Documents/projects/ros2drone/install/drone_description/share/drone_description/package.sh'
[-1790660820475074560.000s] INFO:colcon.colcon_core.shell:Creating package script '/home/sriram/Documents/projects/ros2drone/install/drone_description/share/drone_description/package.bash'
[-1790660820475074560.000s] INFO:colcon.colcon_core.shell:Creating package script '/home/sriram/Documents/projects/ros2drone/install/drone_description/share/drone_description/package.zsh'
[-1790660820475074560.000s] Level 1:colcon.colcon_core.environment:create_file_with_runtime_dependencies(/home/sriram/Documents/projects/ros2drone/install/drone_description/share/colcon-core/packages/drone_description)
[-1790660820475074560.000s] INFO:colcon.colcon_ros.task.ament_cmake.build:Building ROS package in '/home/sriram/Documents/projects/ros2drone/src/drone_gazebo' with build type 'ament_cmake'
[-1790660820475074560.000s] INFO:colcon.colcon_cmake.task.cmake.build:Building CMake package in '/home/sriram/Documents/projects/ros2drone/src/drone_gazebo'
[-1790660820475074560.000s] INFO:colcon.colcon_core.shell:Skip shell extension 'powershell' for command environment: Not usable outside of PowerShell
[-1790660820475074560.000s] DEBUG:colcon.colcon_core.shell:Skip shell extension 'dsv' for command environment
[-1790660820475074560.000s] DEBUG:colcon.colcon_core.event_handler.log_command:Invoking command in '/home/sriram/Documents/projects/ros2drone/build/drone_gazebo': CMAKE_PREFIX_PATH=/home/sriram/Documents/projects/ros2drone/install/drone_description:/home/sriram/Documents/projects/ros2drone/install/drone_vision:/home/sriram/Documents/projects/ros2drone/install/drone_bringup:/home/sriram/Documents/projects/ros2drone/install/drone_slam:/home/sriram/Documents/projects/ros2drone/install/drone_navigation:/home/sriram/Documents/projects/ros2drone/install/drone_gazebo:/home/sriram/Documents/projects/ros2drone/install/drone_control:/opt/ros/lyrical/opt/gz_sim_vendor:/opt/ros/lyrical/opt/gz_sensors_vendor:/opt/ros/lyrical/opt/gz_gui_vendor:/opt/ros/lyrical/opt/gz_transport_vendor:/opt/ros/lyrical/opt/gz_physics_vendor:/opt/ros/lyrical/opt/sdformat_vendor:/opt/ros/lyrical/opt/gz_rendering_vendor:/opt/ros/lyrical/opt/gz_plugin_vendor:/opt/ros/lyrical/opt/gz_fuel_tools_vendor:/opt/ros/lyrical/opt/gz_msgs_vendor:/opt/ros/lyrical/opt/gz_common_vendor:/opt/ros/lyrical/opt/gz_math_vendor:/opt/ros/lyrical/opt/gz_utils_vendor:/opt/ros/lyrical/opt/gz_tools_vendor:/opt/ros/lyrical/opt/gz_ogre_next_vendor:/opt/ros/lyrical/opt/gz_dartsim_vendor:/opt/ros/lyrical/opt/gz_cmake_vendor:/opt/ros/lyrical DEBUGINFOD_URLS=https://debuginfod.ubuntu.com PS1=\[\e]0;\u@\h: \w\a\]${debian_chroot:+($debian_chroot)}\[\033[01;32m\]\u@\h\[\033[00m\]:\[\033[01;34m\]\w\[\033[00m\]\$ VIRTUAL_ENV_PROMPT=(venv-ardupilot) /usr/bin/cmake /home/sriram/Documents/projects/ros2drone/src/drone_gazebo -DAMENT_CMAKE_SYMLINK_INSTALL=1 -DCMAKE_INSTALL_PREFIX=/home/sriram/Documents/projects/ros2drone/install/drone_gazebo
[-1790660820475074560.000s] DEBUG:colcon.colcon_core.event_handler.log_command:Invoked command in '/home/sriram/Documents/projects/ros2drone/build/drone_gazebo' returned '0': CMAKE_PREFIX_PATH=/home/sriram/Documents/projects/ros2drone/install/drone_description:/home/sriram/Documents/projects/ros2drone/install/drone_vision:/home/sriram/Documents/projects/ros2drone/install/drone_bringup:/home/sriram/Documents/projects/ros2drone/install/drone_slam:/home/sriram/Documents/projects/ros2drone/install/drone_navigation:/home/sriram/Documents/projects/ros2drone/install/drone_gazebo:/home/sriram/Documents/projects/ros2drone/install/drone_control:/opt/ros/lyrical/opt/gz_sim_vendor:/opt/ros/lyrical/opt/gz_sensors_vendor:/opt/ros/lyrical/opt/gz_gui_vendor:/opt/ros/lyrical/opt/gz_transport_vendor:/opt/ros/lyrical/opt/gz_physics_vendor:/opt/ros/lyrical/opt/sdformat_vendor:/opt/ros/lyrical/opt/gz_rendering_vendor:/opt/ros/lyrical/opt/gz_plugin_vendor:/opt/ros/lyrical/opt/gz_fuel_tools_vendor:/opt/ros/lyrical/opt/gz_msgs_vendor:/opt/ros/lyrical/opt/gz_common_vendor:/opt/ros/lyrical/opt/gz_math_vendor:/opt/ros/lyrical/opt/gz_utils_vendor:/opt/ros/lyrical/opt/gz_tools_vendor:/opt/ros/lyrical/opt/gz_ogre_next_vendor:/opt/ros/lyrical/opt/gz_dartsim_vendor:/opt/ros/lyrical/opt/gz_cmake_vendor:/opt/ros/lyrical DEBUGINFOD_URLS=https://debuginfod.ubuntu.com PS1=\[\e]0;\u@\h: \w\a\]${debian_chroot:+($debian_chroot)}\[\033[01;32m\]\u@\h\[\033[00m\]:\[\033[01;34m\]\w\[\033[00m\]\$ VIRTUAL_ENV_PROMPT=(venv-ardupilot) /usr/bin/cmake /home/sriram/Documents/projects/ros2drone/src/drone_gazebo -DAMENT_CMAKE_SYMLINK_INSTALL=1 -DCMAKE_INSTALL_PREFIX=/home/sriram/Documents/projects/ros2drone/install/drone_gazebo
[-1790660820475074560.000s] DEBUG:colcon.colcon_core.event_handler.log_command:Invoking command in '/home/sriram/Documents/projects/ros2drone/build/drone_gazebo': CMAKE_PREFIX_PATH=/home/sriram/Documents/projects/ros2drone/install/drone_description:/home/sriram/Documents/projects/ros2drone/install/drone_vision:/home/sriram/Documents/projects/ros2drone/install/drone_bringup:/home/sriram/Documents/projects/ros2drone/install/drone_slam:/home/sriram/Documents/projects/ros2drone/install/drone_navigation:/home/sriram/Documents/projects/ros2drone/install/drone_gazebo:/home/sriram/Documents/projects/ros2drone/install/drone_control:/opt/ros/lyrical/opt/gz_sim_vendor:/opt/ros/lyrical/opt/gz_sensors_vendor:/opt/ros/lyrical/opt/gz_gui_vendor:/opt/ros/lyrical/opt/gz_transport_vendor:/opt/ros/lyrical/opt/gz_physics_vendor:/opt/ros/lyrical/opt/sdformat_vendor:/opt/ros/lyrical/opt/gz_rendering_vendor:/opt/ros/lyrical/opt/gz_plugin_vendor:/opt/ros/lyrical/opt/gz_fuel_tools_vendor:/opt/ros/lyrical/opt/gz_msgs_vendor:/opt/ros/lyrical/opt/gz_common_vendor:/opt/ros/lyrical/opt/gz_math_vendor:/opt/ros/lyrical/opt/gz_utils_vendor:/opt/ros/lyrical/opt/gz_tools_vendor:/opt/ros/lyrical/opt/gz_ogre_next_vendor:/opt/ros/lyrical/opt/gz_dartsim_vendor:/opt/ros/lyrical/opt/gz_cmake_vendor:/opt/ros/lyrical DEBUGINFOD_URLS=https://debuginfod.ubuntu.com PS1=\[\e]0;\u@\h: \w\a\]${debian_chroot:+($debian_chroot)}\[\033[01;32m\]\u@\h\[\033[00m\]:\[\033[01;34m\]\w\[\033[00m\]\$ VIRTUAL_ENV_PROMPT=(venv-ardupilot) /usr/bin/cmake --build /home/sriram/Documents/projects/ros2drone/build/drone_gazebo -- -j8 -l8
[-1790660820475074560.000s] DEBUG:colcon.colcon_core.event_handler.log_command:Invoked command in '/home/sriram/Documents/projects/ros2drone/build/drone_gazebo' returned '0': CMAKE_PREFIX_PATH=/home/sriram/Documents/projects/ros2drone/install/drone_description:/home/sriram/Documents/projects/ros2drone/install/drone_vision:/home/sriram/Documents/projects/ros2drone/install/drone_bringup:/home/sriram/Documents/projects/ros2drone/install/drone_slam:/home/sriram/Documents/projects/ros2drone/install/drone_navigation:/home/sriram/Documents/projects/ros2drone/install/drone_gazebo:/home/sriram/Documents/projects/ros2drone/install/drone_control:/opt/ros/lyrical/opt/gz_sim_vendor:/opt/ros/lyrical/opt/gz_sensors_vendor:/opt/ros/lyrical/opt/gz_gui_vendor:/opt/ros/lyrical/opt/gz_transport_vendor:/opt/ros/lyrical/opt/gz_physics_vendor:/opt/ros/lyrical/opt/sdformat_vendor:/opt/ros/lyrical/opt/gz_rendering_vendor:/opt/ros/lyrical/opt/gz_plugin_vendor:/opt/ros/lyrical/opt/gz_fuel_tools_vendor:/opt/ros/lyrical/opt/gz_msgs_vendor:/opt/ros/lyrical/opt/gz_common_vendor:/opt/ros/lyrical/opt/gz_math_vendor:/opt/ros/lyrical/opt/gz_utils_vendor:/opt/ros/lyrical/opt/gz_tools_vendor:/opt/ros/lyrical/opt/gz_ogre_next_vendor:/opt/ros/lyrical/opt/gz_dartsim_vendor:/opt/ros/lyrical/opt/gz_cmake_vendor:/opt/ros/lyrical DEBUGINFOD_URLS=https://debuginfod.ubuntu.com PS1=\[\e]0;\u@\h: \w\a\]${debian_chroot:+($debian_chroot)}\[\033[01;32m\]\u@\h\[\033[00m\]:\[\033[01;34m\]\w\[\033[00m\]\$ VIRTUAL_ENV_PROMPT=(venv-ardupilot) /usr/bin/cmake --build /home/sriram/Documents/projects/ros2drone/build/drone_gazebo -- -j8 -l8
[-1790660820475074560.000s] DEBUG:colcon.colcon_core.event_handler.log_command:Invoking command in '/home/sriram/Documents/projects/ros2drone/build/drone_gazebo': CMAKE_PREFIX_PATH=/home/sriram/Documents/projects/ros2drone/install/drone_description:/home/sriram/Documents/projects/ros2drone/install/drone_vision:/home/sriram/Documents/projects/ros2drone/install/drone_bringup:/home/sriram/Documents/projects/ros2drone/install/drone_slam:/home/sriram/Documents/projects/ros2drone/install/drone_navigation:/home/sriram/Documents/projects/ros2drone/install/drone_gazebo:/home/sriram/Documents/projects/ros2drone/install/drone_control:/opt/ros/lyrical/opt/gz_sim_vendor:/opt/ros/lyrical/opt/gz_sensors_vendor:/opt/ros/lyrical/opt/gz_gui_vendor:/opt/ros/lyrical/opt/gz_transport_vendor:/opt/ros/lyrical/opt/gz_physics_vendor:/opt/ros/lyrical/opt/sdformat_vendor:/opt/ros/lyrical/opt/gz_rendering_vendor:/opt/ros/lyrical/opt/gz_plugin_vendor:/opt/ros/lyrical/opt/gz_fuel_tools_vendor:/opt/ros/lyrical/opt/gz_msgs_vendor:/opt/ros/lyrical/opt/gz_common_vendor:/opt/ros/lyrical/opt/gz_math_vendor:/opt/ros/lyrical/opt/gz_utils_vendor:/opt/ros/lyrical/opt/gz_tools_vendor:/opt/ros/lyrical/opt/gz_ogre_next_vendor:/opt/ros/lyrical/opt/gz_dartsim_vendor:/opt/ros/lyrical/opt/gz_cmake_vendor:/opt/ros/lyrical DEBUGINFOD_URLS=https://debuginfod.ubuntu.com PS1=\[\e]0;\u@\h: \w\a\]${debian_chroot:+($debian_chroot)}\[\033[01;32m\]\u@\h\[\033[00m\]:\[\033[01;34m\]\w\[\033[00m\]\$ VIRTUAL_ENV_PROMPT=(venv-ardupilot) /usr/bin/cmake --install /home/sriram/Documents/projects/ros2drone/build/drone_gazebo
[-1790660820475074560.000s] DEBUG:colcon.colcon_core.event_handler.log_command:Invoked command in '/home/sriram/Documents/projects/ros2drone/build/drone_slam' returned '0': CMAKE_PREFIX_PATH=${CMAKE_PREFIX_PATH}:/opt/ros/lyrical DEBUGINFOD_URLS=https://debuginfod.ubuntu.com PS1=\[\e]0;\u@\h: \w\a\]${debian_chroot:+($debian_chroot)}\[\033[01;32m\]\u@\h\[\033[00m\]:\[\033[01;34m\]\w\[\033[00m\]\$ VIRTUAL_ENV_PROMPT=(venv-ardupilot) /usr/bin/cmake /home/sriram/Documents/projects/ros2drone/src/drone_slam -DAMENT_CMAKE_SYMLINK_INSTALL=1 -DCMAKE_INSTALL_PREFIX=/home/sriram/Documents/projects/ros2drone/install/drone_slam
[-1790660820475074560.000s] DEBUG:colcon.colcon_core.event_handler.log_command:Invoking command in '/home/sriram/Documents/projects/ros2drone/build/drone_slam': CMAKE_PREFIX_PATH=${CMAKE_PREFIX_PATH}:/opt/ros/lyrical DEBUGINFOD_URLS=https://debuginfod.ubuntu.com PS1=\[\e]0;\u@\h: \w\a\]${debian_chroot:+($debian_chroot)}\[\033[01;32m\]\u@\h\[\033[00m\]:\[\033[01;34m\]\w\[\033[00m\]\$ VIRTUAL_ENV_PROMPT=(venv-ardupilot) /usr/bin/cmake --build /home/sriram/Documents/projects/ros2drone/build/drone_slam -- -j8 -l8
[-1790660820475074560.000s] Level 1:colcon.colcon_core.environment:create_environment_scripts_only(drone_gazebo)
[-1790660820475074560.000s] Level 1:colcon.colcon_core.environment:checking '/home/sriram/Documents/projects/ros2drone/install/drone_gazebo' for CMake module files
[-1790660820475074560.000s] DEBUG:colcon.colcon_core.event_handler.log_command:Invoked command in '/home/sriram/Documents/projects/ros2drone/build/drone_gazebo' returned '0': CMAKE_PREFIX_PATH=/home/sriram/Documents/projects/ros2drone/install/drone_description:/home/sriram/Documents/projects/ros2drone/install/drone_vision:/home/sriram/Documents/projects/ros2drone/install/drone_bringup:/home/sriram/Documents/projects/ros2drone/install/drone_slam:/home/sriram/Documents/projects/ros2drone/install/drone_navigation:/home/sriram/Documents/projects/ros2drone/install/drone_gazebo:/home/sriram/Documents/projects/ros2drone/install/drone_control:/opt/ros/lyrical/opt/gz_sim_vendor:/opt/ros/lyrical/opt/gz_sensors_vendor:/opt/ros/lyrical/opt/gz_gui_vendor:/opt/ros/lyrical/opt/gz_transport_vendor:/opt/ros/lyrical/opt/gz_physics_vendor:/opt/ros/lyrical/opt/sdformat_vendor:/opt/ros/lyrical/opt/gz_rendering_vendor:/opt/ros/lyrical/opt/gz_plugin_vendor:/opt/ros/lyrical/opt/gz_fuel_tools_vendor:/opt/ros/lyrical/opt/gz_msgs_vendor:/opt/ros/lyrical/opt/gz_common_vendor:/opt/ros/lyrical/opt/gz_math_vendor:/opt/ros/lyrical/opt/gz_utils_vendor:/opt/ros/lyrical/opt/gz_tools_vendor:/opt/ros/lyrical/opt/gz_ogre_next_vendor:/opt/ros/lyrical/opt/gz_dartsim_vendor:/opt/ros/lyrical/opt/gz_cmake_vendor:/opt/ros/lyrical DEBUGINFOD_URLS=https://debuginfod.ubuntu.com PS1=\[\e]0;\u@\h: \w\a\]${debian_chroot:+($debian_chroot)}\[\033[01;32m\]\u@\h\[\033[00m\]:\[\033[01;34m\]\w\[\033[00m\]\$ VIRTUAL_ENV_PROMPT=(venv-ardupilot) /usr/bin/cmake --install /home/sriram/Documents/projects/ros2drone/build/drone_gazebo
[-1790660820475074560.000s] Level 1:colcon.colcon_core.environment:checking '/home/sriram/Documents/projects/ros2drone/install/drone_gazebo' for CMake config files
[-1790660820475074560.000s] Level 1:colcon.colcon_core.shell:create_environment_hook('drone_gazebo', 'cmake_prefix_path')
[-1790660820475074560.000s] INFO:colcon.colcon_core.shell:Creating environment hook '/home/sriram/Documents/projects/ros2drone/install/drone_gazebo/share/drone_gazebo/hook/cmake_prefix_path.ps1'
[-1790660820475074560.000s] INFO:colcon.colcon_core.shell:Creating environment descriptor '/home/sriram/Documents/projects/ros2drone/install/drone_gazebo/share/drone_gazebo/hook/cmake_prefix_path.dsv'
[-1790660820475074560.000s] INFO:colcon.colcon_core.shell:Creating environment hook '/home/sriram/Documents/projects/ros2drone/install/drone_gazebo/share/drone_gazebo/hook/cmake_prefix_path.sh'
[-1790660820475074560.000s] Level 1:colcon.colcon_core.environment:checking '/home/sriram/Documents/projects/ros2drone/install/drone_gazebo/lib'
[-1790660820475074560.000s] Level 1:colcon.colcon_core.environment:checking '/home/sriram/Documents/projects/ros2drone/install/drone_gazebo/bin'
[-1790660820475074560.000s] Level 1:colcon.colcon_core.environment:checking '/home/sriram/Documents/projects/ros2drone/install/drone_gazebo/lib/pkgconfig/drone_gazebo.pc'
[-1790660820475074560.000s] Level 1:colcon.colcon_core.environment:checking '/home/sriram/Documents/projects/ros2drone/install/drone_gazebo/lib/python3.14/site-packages'
[-1790660820475074560.000s] Level 1:colcon.colcon_core.environment:checking '/home/sriram/Documents/projects/ros2drone/install/drone_gazebo/bin'
[-1790660820475074560.000s] INFO:colcon.colcon_core.shell:Creating package script '/home/sriram/Documents/projects/ros2drone/install/drone_gazebo/share/drone_gazebo/package.ps1'
[-1790660820475074560.000s] INFO:colcon.colcon_core.shell:Creating package descriptor '/home/sriram/Documents/projects/ros2drone/install/drone_gazebo/share/drone_gazebo/package.dsv'
[-1790660820475074560.000s] INFO:colcon.colcon_core.shell:Creating package script '/home/sriram/Documents/projects/ros2drone/install/drone_gazebo/share/drone_gazebo/package.sh'
[-1790660820475074560.000s] INFO:colcon.colcon_core.shell:Creating package script '/home/sriram/Documents/projects/ros2drone/install/drone_gazebo/share/drone_gazebo/package.bash'
[-1790660820475074560.000s] INFO:colcon.colcon_core.shell:Creating package script '/home/sriram/Documents/projects/ros2drone/install/drone_gazebo/share/drone_gazebo/package.zsh'
[-1790660820475074560.000s] Level 1:colcon.colcon_core.environment:create_file_with_runtime_dependencies(/home/sriram/Documents/projects/ros2drone/install/drone_gazebo/share/colcon-core/packages/drone_gazebo)
[-1790660820475074560.000s] Level 1:colcon.colcon_core.environment:create_environment_scripts_only(drone_gazebo)
[-1790660820475074560.000s] Level 1:colcon.colcon_core.environment:checking '/home/sriram/Documents/projects/ros2drone/install/drone_gazebo' for CMake module files
[-1790660820475074560.000s] Level 1:colcon.colcon_core.environment:checking '/home/sriram/Documents/projects/ros2drone/install/drone_gazebo' for CMake config files
[-1790660820475074560.000s] Level 1:colcon.colcon_core.shell:create_environment_hook('drone_gazebo', 'cmake_prefix_path')
[-1790660820475074560.000s] INFO:colcon.colcon_core.shell:Creating environment hook '/home/sriram/Documents/projects/ros2drone/install/drone_gazebo/share/drone_gazebo/hook/cmake_prefix_path.ps1'
[-1790660820475074560.000s] INFO:colcon.colcon_core.shell:Creating environment descriptor '/home/sriram/Documents/projects/ros2drone/install/drone_gazebo/share/drone_gazebo/hook/cmake_prefix_path.dsv'
[-1790660820475074560.000s] INFO:colcon.colcon_core.shell:Creating environment hook '/home/sriram/Documents/projects/ros2drone/install/drone_gazebo/share/drone_gazebo/hook/cmake_prefix_path.sh'
[-1790660820475074560.000s] Level 1:colcon.colcon_core.environment:checking '/home/sriram/Documents/projects/ros2drone/install/drone_gazebo/lib'
[-1790660820475074560.000s] Level 1:colcon.colcon_core.environment:checking '/home/sriram/Documents/projects/ros2drone/install/drone_gazebo/bin'
[-1790660820475074560.000s] Level 1:colcon.colcon_core.environment:checking '/home/sriram/Documents/projects/ros2drone/install/drone_gazebo/lib/pkgconfig/drone_gazebo.pc'
[-1790660820475074560.000s] Level 1:colcon.colcon_core.environment:checking '/home/sriram/Documents/projects/ros2drone/install/drone_gazebo/lib/python3.14/site-packages'
[-1790660820475074560.000s] Level 1:colcon.colcon_core.environment:checking '/home/sriram/Documents/projects/ros2drone/install/drone_gazebo/bin'
[-1790660820475074560.000s] INFO:colcon.colcon_core.shell:Creating package script '/home/sriram/Documents/projects/ros2drone/install/drone_gazebo/share/drone_gazebo/package.ps1'
[-1790660820475074560.000s] INFO:colcon.colcon_core.shell:Creating package descriptor '/home/sriram/Documents/projects/ros2drone/install/drone_gazebo/share/drone_gazebo/package.dsv'
[-1790660820475074560.000s] INFO:colcon.colcon_core.shell:Creating package script '/home/sriram/Documents/projects/ros2drone/install/drone_gazebo/share/drone_gazebo/package.sh'
[-1790660820475074560.000s] INFO:colcon.colcon_core.shell:Creating package script '/home/sriram/Documents/projects/ros2drone/install/drone_gazebo/share/drone_gazebo/package.bash'
[-1790660820475074560.000s] INFO:colcon.colcon_core.shell:Creating package script '/home/sriram/Documents/projects/ros2drone/install/drone_gazebo/share/drone_gazebo/package.zsh'
[-1790660820475074560.000s] Level 1:colcon.colcon_core.environment:create_file_with_runtime_dependencies(/home/sriram/Documents/projects/ros2drone/install/drone_gazebo/share/colcon-core/packages/drone_gazebo)
[-1790660820475074560.000s] DEBUG:colcon.colcon_core.event_handler.log_command:Invoked command in '/home/sriram/Documents/projects/ros2drone/build/drone_slam' returned '0': CMAKE_PREFIX_PATH=${CMAKE_PREFIX_PATH}:/opt/ros/lyrical DEBUGINFOD_URLS=https://debuginfod.ubuntu.com PS1=\[\e]0;\u@\h: \w\a\]${debian_chroot:+($debian_chroot)}\[\033[01;32m\]\u@\h\[\033[00m\]:\[\033[01;34m\]\w\[\033[00m\]\$ VIRTUAL_ENV_PROMPT=(venv-ardupilot) /usr/bin/cmake --build /home/sriram/Documents/projects/ros2drone/build/drone_slam -- -j8 -l8
[-1790660820475074560.000s] DEBUG:colcon.colcon_core.event_handler.log_command:Invoking command in '/home/sriram/Documents/projects/ros2drone/build/drone_slam': CMAKE_PREFIX_PATH=${CMAKE_PREFIX_PATH}:/opt/ros/lyrical DEBUGINFOD_URLS=https://debuginfod.ubuntu.com PS1=\[\e]0;\u@\h: \w\a\]${debian_chroot:+($debian_chroot)}\[\033[01;32m\]\u@\h\[\033[00m\]:\[\033[01;34m\]\w\[\033[00m\]\$ VIRTUAL_ENV_PROMPT=(venv-ardupilot) /usr/bin/cmake --install /home/sriram/Documents/projects/ros2drone/build/drone_slam
[-1790660820475074560.000s] Level 1:colcon.colcon_core.environment:create_environment_scripts_only(drone_slam)
[-1790660820475074560.000s] Level 1:colcon.colcon_core.environment:checking '/home/sriram/Documents/projects/ros2drone/install/drone_slam' for CMake module files
[-1790660820475074560.000s] DEBUG:colcon.colcon_core.event_handler.log_command:Invoked command in '/home/sriram/Documents/projects/ros2drone/build/drone_slam' returned '0': CMAKE_PREFIX_PATH=${CMAKE_PREFIX_PATH}:/opt/ros/lyrical DEBUGINFOD_URLS=https://debuginfod.ubuntu.com PS1=\[\e]0;\u@\h: \w\a\]${debian_chroot:+($debian_chroot)}\[\033[01;32m\]\u@\h\[\033[00m\]:\[\033[01;34m\]\w\[\033[00m\]\$ VIRTUAL_ENV_PROMPT=(venv-ardupilot) /usr/bin/cmake --install /home/sriram/Documents/projects/ros2drone/build/drone_slam
[-1790660820475074560.000s] Level 1:colcon.colcon_core.environment:checking '/home/sriram/Documents/projects/ros2drone/install/drone_slam' for CMake config files
[-1790660820475074560.000s] Level 1:colcon.colcon_core.shell:create_environment_hook('drone_slam', 'cmake_prefix_path')
[-1790660820475074560.000s] INFO:colcon.colcon_core.shell:Creating environment hook '/home/sriram/Documents/projects/ros2drone/install/drone_slam/share/drone_slam/hook/cmake_prefix_path.ps1'
[-1790660820475074560.000s] INFO:colcon.colcon_core.shell:Creating environment descriptor '/home/sriram/Documents/projects/ros2drone/install/drone_slam/share/drone_slam/hook/cmake_prefix_path.dsv'
[-1790660820475074560.000s] INFO:colcon.colcon_core.shell:Creating environment hook '/home/sriram/Documents/projects/ros2drone/install/drone_slam/share/drone_slam/hook/cmake_prefix_path.sh'
[-1790660820475074560.000s] Level 1:colcon.colcon_core.environment:checking '/home/sriram/Documents/projects/ros2drone/install/drone_slam/lib'
[-1790660820475074560.000s] Level 1:colcon.colcon_core.shell:create_environment_hook('drone_slam', 'ld_library_path_lib')
[-1790660820475074560.000s] INFO:colcon.colcon_core.shell:Creating environment hook '/home/sriram/Documents/projects/ros2drone/install/drone_slam/share/drone_slam/hook/ld_library_path_lib.ps1'
[-1790660820475074560.000s] INFO:colcon.colcon_core.shell:Creating environment descriptor '/home/sriram/Documents/projects/ros2drone/install/drone_slam/share/drone_slam/hook/ld_library_path_lib.dsv'
[-1790660820475074560.000s] INFO:colcon.colcon_core.shell:Creating environment hook '/home/sriram/Documents/projects/ros2drone/install/drone_slam/share/drone_slam/hook/ld_library_path_lib.sh'
[-1790660820475074560.000s] Level 1:colcon.colcon_core.environment:checking '/home/sriram/Documents/projects/ros2drone/install/drone_slam/bin'
[-1790660820475074560.000s] Level 1:colcon.colcon_core.environment:checking '/home/sriram/Documents/projects/ros2drone/install/drone_slam/lib/pkgconfig/drone_slam.pc'
[-1790660820475074560.000s] Level 1:colcon.colcon_core.environment:checking '/home/sriram/Documents/projects/ros2drone/install/drone_slam/lib/python3.14/site-packages'
[-1790660820475074560.000s] Level 1:colcon.colcon_core.shell:create_environment_hook('drone_slam', 'pythonpath')
[-1790660820475074560.000s] INFO:colcon.colcon_core.shell:Creating environment hook '/home/sriram/Documents/projects/ros2drone/install/drone_slam/share/drone_slam/hook/pythonpath.ps1'
[-1790660820475074560.000s] INFO:colcon.colcon_core.shell:Creating environment descriptor '/home/sriram/Documents/projects/ros2drone/install/drone_slam/share/drone_slam/hook/pythonpath.dsv'
[-1790660820475074560.000s] INFO:colcon.colcon_core.shell:Creating environment hook '/home/sriram/Documents/projects/ros2drone/install/drone_slam/share/drone_slam/hook/pythonpath.sh'
[-1790660820475074560.000s] Level 1:colcon.colcon_core.environment:checking '/home/sriram/Documents/projects/ros2drone/install/drone_slam/bin'
[-1790660820475074560.000s] INFO:colcon.colcon_core.shell:Creating package script '/home/sriram/Documents/projects/ros2drone/install/drone_slam/share/drone_slam/package.ps1'
[-1790660820475074560.000s] INFO:colcon.colcon_core.shell:Creating package descriptor '/home/sriram/Documents/projects/ros2drone/install/drone_slam/share/drone_slam/package.dsv'
[-1790660820475074560.000s] INFO:colcon.colcon_core.shell:Creating package script '/home/sriram/Documents/projects/ros2drone/install/drone_slam/share/drone_slam/package.sh'
[-1790660820475074560.000s] INFO:colcon.colcon_core.shell:Creating package script '/home/sriram/Documents/projects/ros2drone/install/drone_slam/share/drone_slam/package.bash'
[-1790660820475074560.000s] INFO:colcon.colcon_core.shell:Creating package script '/home/sriram/Documents/projects/ros2drone/install/drone_slam/share/drone_slam/package.zsh'
[-1790660820475074560.000s] Level 1:colcon.colcon_core.environment:create_file_with_runtime_dependencies(/home/sriram/Documents/projects/ros2drone/install/drone_slam/share/colcon-core/packages/drone_slam)
[-1790660820475074560.000s] Level 1:colcon.colcon_core.environment:create_environment_scripts_only(drone_slam)
[-1790660820475074560.000s] Level 1:colcon.colcon_core.environment:checking '/home/sriram/Documents/projects/ros2drone/install/drone_slam' for CMake module files
[-1790660820475074560.000s] Level 1:colcon.colcon_core.environment:checking '/home/sriram/Documents/projects/ros2drone/install/drone_slam' for CMake config files
[-1790660820475074560.000s] Level 1:colcon.colcon_core.shell:create_environment_hook('drone_slam', 'cmake_prefix_path')
[-1790660820475074560.000s] INFO:colcon.colcon_core.shell:Creating environment hook '/home/sriram/Documents/projects/ros2drone/install/drone_slam/share/drone_slam/hook/cmake_prefix_path.ps1'
[-1790660820475074560.000s] INFO:colcon.colcon_core.shell:Creating environment descriptor '/home/sriram/Documents/projects/ros2drone/install/drone_slam/share/drone_slam/hook/cmake_prefix_path.dsv'
[-1790660820475074560.000s] INFO:colcon.colcon_core.shell:Creating environment hook '/home/sriram/Documents/projects/ros2drone/install/drone_slam/share/drone_slam/hook/cmake_prefix_path.sh'
[-1790660820475074560.000s] Level 1:colcon.colcon_core.environment:checking '/home/sriram/Documents/projects/ros2drone/install/drone_slam/lib'
[-1790660820475074560.000s] Level 1:colcon.colcon_core.shell:create_environment_hook('drone_slam', 'ld_library_path_lib')
[-1790660820475074560.000s] INFO:colcon.colcon_core.shell:Creating environment hook '/home/sriram/Documents/projects/ros2drone/install/drone_slam/share/drone_slam/hook/ld_library_path_lib.ps1'
[-1790660820475074560.000s] INFO:colcon.colcon_core.shell:Creating environment descriptor '/home/sriram/Documents/projects/ros2drone/install/drone_slam/share/drone_slam/hook/ld_library_path_lib.dsv'
[-1790660820475074560.000s] INFO:colcon.colcon_core.shell:Creating environment hook '/home/sriram/Documents/projects/ros2drone/install/drone_slam/share/drone_slam/hook/ld_library_path_lib.sh'
[-1790660820475074560.000s] Level 1:colcon.colcon_core.environment:checking '/home/sriram/Documents/projects/ros2drone/install/drone_slam/bin'
[-1790660820475074560.000s] Level 1:colcon.colcon_core.environment:checking '/home/sriram/Documents/projects/ros2drone/install/drone_slam/lib/pkgconfig/drone_slam.pc'
[-1790660820475074560.000s] Level 1:colcon.colcon_core.environment:checking '/home/sriram/Documents/projects/ros2drone/install/drone_slam/lib/python3.14/site-packages'
[-1790660820475074560.000s] Level 1:colcon.colcon_core.shell:create_environment_hook('drone_slam', 'pythonpath')
[-1790660820475074560.000s] INFO:colcon.colcon_core.shell:Creating environment hook '/home/sriram/Documents/projects/ros2drone/install/drone_slam/share/drone_slam/hook/pythonpath.ps1'
[-1790660820475074560.000s] INFO:colcon.colcon_core.shell:Creating environment descriptor '/home/sriram/Documents/projects/ros2drone/install/drone_slam/share/drone_slam/hook/pythonpath.dsv'
[-1790660820475074560.000s] INFO:colcon.colcon_core.shell:Creating environment hook '/home/sriram/Documents/projects/ros2drone/install/drone_slam/share/drone_slam/hook/pythonpath.sh'
[-1790660820475074560.000s] Level 1:colcon.colcon_core.environment:checking '/home/sriram/Documents/projects/ros2drone/install/drone_slam/bin'
[-1790660820475074560.000s] INFO:colcon.colcon_core.shell:Creating package script '/home/sriram/Documents/projects/ros2drone/install/drone_slam/share/drone_slam/package.ps1'
[-1790660820475074560.000s] INFO:colcon.colcon_core.shell:Creating package descriptor '/home/sriram/Documents/projects/ros2drone/install/drone_slam/share/drone_slam/package.dsv'
[-1790660820475074560.000s] INFO:colcon.colcon_core.shell:Creating package script '/home/sriram/Documents/projects/ros2drone/install/drone_slam/share/drone_slam/package.sh'
[-1790660820475074560.000s] INFO:colcon.colcon_core.shell:Creating package script '/home/sriram/Documents/projects/ros2drone/install/drone_slam/share/drone_slam/package.bash'
[-1790660820475074560.000s] INFO:colcon.colcon_core.shell:Creating package script '/home/sriram/Documents/projects/ros2drone/install/drone_slam/share/drone_slam/package.zsh'
[-1790660820475074560.000s] Level 1:colcon.colcon_core.environment:create_file_with_runtime_dependencies(/home/sriram/Documents/projects/ros2drone/install/drone_slam/share/colcon-core/packages/drone_slam)
[-1790660820475074560.000s] INFO:colcon.colcon_ros.task.ament_cmake.build:Building ROS package in '/home/sriram/Documents/projects/ros2drone/src/drone_bringup' with build type 'ament_cmake'
[-1790660820475074560.000s] INFO:colcon.colcon_cmake.task.cmake.build:Building CMake package in '/home/sriram/Documents/projects/ros2drone/src/drone_bringup'
[-1790660820475074560.000s] INFO:colcon.colcon_core.shell:Skip shell extension 'powershell' for command environment: Not usable outside of PowerShell
[-1790660820475074560.000s] DEBUG:colcon.colcon_core.shell:Skip shell extension 'dsv' for command environment
[-1790660820475074560.000s] DEBUG:colcon.colcon_core.event_handler.log_command:Invoking command in '/home/sriram/Documents/projects/ros2drone/build/drone_bringup': CMAKE_PREFIX_PATH=/home/sriram/Documents/projects/ros2drone/install/drone_gazebo:/home/sriram/Documents/projects/ros2drone/install/drone_slam:/home/sriram/Documents/projects/ros2drone/install/drone_navigation:/home/sriram/Documents/projects/ros2drone/install/drone_description:/home/sriram/Documents/projects/ros2drone/install/drone_control:/home/sriram/Documents/projects/ros2drone/install/drone_vision:/home/sriram/Documents/projects/ros2drone/install/drone_bringup:/opt/ros/lyrical/opt/gz_sim_vendor:/opt/ros/lyrical/opt/gz_sensors_vendor:/opt/ros/lyrical/opt/gz_gui_vendor:/opt/ros/lyrical/opt/gz_transport_vendor:/opt/ros/lyrical/opt/gz_physics_vendor:/opt/ros/lyrical/opt/sdformat_vendor:/opt/ros/lyrical/opt/gz_rendering_vendor:/opt/ros/lyrical/opt/gz_plugin_vendor:/opt/ros/lyrical/opt/gz_fuel_tools_vendor:/opt/ros/lyrical/opt/gz_msgs_vendor:/opt/ros/lyrical/opt/gz_common_vendor:/opt/ros/lyrical/opt/gz_math_vendor:/opt/ros/lyrical/opt/gz_utils_vendor:/opt/ros/lyrical/opt/gz_tools_vendor:/opt/ros/lyrical/opt/gz_ogre_next_vendor:/opt/ros/lyrical/opt/gz_dartsim_vendor:/opt/ros/lyrical/opt/gz_cmake_vendor:/opt/ros/lyrical DEBUGINFOD_URLS=https://debuginfod.ubuntu.com PS1=\[\e]0;\u@\h: \w\a\]${debian_chroot:+($debian_chroot)}\[\033[01;32m\]\u@\h\[\033[00m\]:\[\033[01;34m\]\w\[\033[00m\]\$ VIRTUAL_ENV_PROMPT=(venv-ardupilot) /usr/bin/cmake /home/sriram/Documents/projects/ros2drone/src/drone_bringup -DAMENT_CMAKE_SYMLINK_INSTALL=1 -DCMAKE_INSTALL_PREFIX=/home/sriram/Documents/projects/ros2drone/install/drone_bringup
[-1790660820475074560.000s] DEBUG:colcon.colcon_core.event_handler.log_command:Invoked command in '/home/sriram/Documents/projects/ros2drone/build/drone_bringup' returned '0': CMAKE_PREFIX_PATH=/home/sriram/Documents/projects/ros2drone/install/drone_gazebo:/home/sriram/Documents/projects/ros2drone/install/drone_slam:/home/sriram/Documents/projects/ros2drone/install/drone_navigation:/home/sriram/Documents/projects/ros2drone/install/drone_description:/home/sriram/Documents/projects/ros2drone/install/drone_control:/home/sriram/Documents/projects/ros2drone/install/drone_vision:/home/sriram/Documents/projects/ros2drone/install/drone_bringup:/opt/ros/lyrical/opt/gz_sim_vendor:/opt/ros/lyrical/opt/gz_sensors_vendor:/opt/ros/lyrical/opt/gz_gui_vendor:/opt/ros/lyrical/opt/gz_transport_vendor:/opt/ros/lyrical/opt/gz_physics_vendor:/opt/ros/lyrical/opt/sdformat_vendor:/opt/ros/lyrical/opt/gz_rendering_vendor:/opt/ros/lyrical/opt/gz_plugin_vendor:/opt/ros/lyrical/opt/gz_fuel_tools_vendor:/opt/ros/lyrical/opt/gz_msgs_vendor:/opt/ros/lyrical/opt/gz_common_vendor:/opt/ros/lyrical/opt/gz_math_vendor:/opt/ros/lyrical/opt/gz_utils_vendor:/opt/ros/lyrical/opt/gz_tools_vendor:/opt/ros/lyrical/opt/gz_ogre_next_vendor:/opt/ros/lyrical/opt/gz_dartsim_vendor:/opt/ros/lyrical/opt/gz_cmake_vendor:/opt/ros/lyrical DEBUGINFOD_URLS=https://debuginfod.ubuntu.com PS1=\[\e]0;\u@\h: \w\a\]${debian_chroot:+($debian_chroot)}\[\033[01;32m\]\u@\h\[\033[00m\]:\[\033[01;34m\]\w\[\033[00m\]\$ VIRTUAL_ENV_PROMPT=(venv-ardupilot) /usr/bin/cmake /home/sriram/Documents/projects/ros2drone/src/drone_bringup -DAMENT_CMAKE_SYMLINK_INSTALL=1 -DCMAKE_INSTALL_PREFIX=/home/sriram/Documents/projects/ros2drone/install/drone_bringup
[-1790660820475074560.000s] DEBUG:colcon.colcon_core.event_handler.log_command:Invoking command in '/home/sriram/Documents/projects/ros2drone/build/drone_bringup': CMAKE_PREFIX_PATH=/home/sriram/Documents/projects/ros2drone/install/drone_gazebo:/home/sriram/Documents/projects/ros2drone/install/drone_slam:/home/sriram/Documents/projects/ros2drone/install/drone_navigation:/home/sriram/Documents/projects/ros2drone/install/drone_description:/home/sriram/Documents/projects/ros2drone/install/drone_control:/home/sriram/Documents/projects/ros2drone/install/drone_vision:/home/sriram/Documents/projects/ros2drone/install/drone_bringup:/opt/ros/lyrical/opt/gz_sim_vendor:/opt/ros/lyrical/opt/gz_sensors_vendor:/opt/ros/lyrical/opt/gz_gui_vendor:/opt/ros/lyrical/opt/gz_transport_vendor:/opt/ros/lyrical/opt/gz_physics_vendor:/opt/ros/lyrical/opt/sdformat_vendor:/opt/ros/lyrical/opt/gz_rendering_vendor:/opt/ros/lyrical/opt/gz_plugin_vendor:/opt/ros/lyrical/opt/gz_fuel_tools_vendor:/opt/ros/lyrical/opt/gz_msgs_vendor:/opt/ros/lyrical/opt/gz_common_vendor:/opt/ros/lyrical/opt/gz_math_vendor:/opt/ros/lyrical/opt/gz_utils_vendor:/opt/ros/lyrical/opt/gz_tools_vendor:/opt/ros/lyrical/opt/gz_ogre_next_vendor:/opt/ros/lyrical/opt/gz_dartsim_vendor:/opt/ros/lyrical/opt/gz_cmake_vendor:/opt/ros/lyrical DEBUGINFOD_URLS=https://debuginfod.ubuntu.com PS1=\[\e]0;\u@\h: \w\a\]${debian_chroot:+($debian_chroot)}\[\033[01;32m\]\u@\h\[\033[00m\]:\[\033[01;34m\]\w\[\033[00m\]\$ VIRTUAL_ENV_PROMPT=(venv-ardupilot) /usr/bin/cmake --build /home/sriram/Documents/projects/ros2drone/build/drone_bringup -- -j8 -l8
[-1790660820475074560.000s] DEBUG:colcon.colcon_core.event_handler.log_command:Invoked command in '/home/sriram/Documents/projects/ros2drone/build/drone_bringup' returned '0': CMAKE_PREFIX_PATH=/home/sriram/Documents/projects/ros2drone/install/drone_gazebo:/home/sriram/Documents/projects/ros2drone/install/drone_slam:/home/sriram/Documents/projects/ros2drone/install/drone_navigation:/home/sriram/Documents/projects/ros2drone/install/drone_description:/home/sriram/Documents/projects/ros2drone/install/drone_control:/home/sriram/Documents/projects/ros2drone/install/drone_vision:/home/sriram/Documents/projects/ros2drone/install/drone_bringup:/opt/ros/lyrical/opt/gz_sim_vendor:/opt/ros/lyrical/opt/gz_sensors_vendor:/opt/ros/lyrical/opt/gz_gui_vendor:/opt/ros/lyrical/opt/gz_transport_vendor:/opt/ros/lyrical/opt/gz_physics_vendor:/opt/ros/lyrical/opt/sdformat_vendor:/opt/ros/lyrical/opt/gz_rendering_vendor:/opt/ros/lyrical/opt/gz_plugin_vendor:/opt/ros/lyrical/opt/gz_fuel_tools_vendor:/opt/ros/lyrical/opt/gz_msgs_vendor:/opt/ros/lyrical/opt/gz_common_vendor:/opt/ros/lyrical/opt/gz_math_vendor:/opt/ros/lyrical/opt/gz_utils_vendor:/opt/ros/lyrical/opt/gz_tools_vendor:/opt/ros/lyrical/opt/gz_ogre_next_vendor:/opt/ros/lyrical/opt/gz_dartsim_vendor:/opt/ros/lyrical/opt/gz_cmake_vendor:/opt/ros/lyrical DEBUGINFOD_URLS=https://debuginfod.ubuntu.com PS1=\[\e]0;\u@\h: \w\a\]${debian_chroot:+($debian_chroot)}\[\033[01;32m\]\u@\h\[\033[00m\]:\[\033[01;34m\]\w\[\033[00m\]\$ VIRTUAL_ENV_PROMPT=(venv-ardupilot) /usr/bin/cmake --build /home/sriram/Documents/projects/ros2drone/build/drone_bringup -- -j8 -l8
[-1790660820475074560.000s] DEBUG:colcon.colcon_core.event_handler.log_command:Invoking command in '/home/sriram/Documents/projects/ros2drone/build/drone_bringup': CMAKE_PREFIX_PATH=/home/sriram/Documents/projects/ros2drone/install/drone_gazebo:/home/sriram/Documents/projects/ros2drone/install/drone_slam:/home/sriram/Documents/projects/ros2drone/install/drone_navigation:/home/sriram/Documents/projects/ros2drone/install/drone_description:/home/sriram/Documents/projects/ros2drone/install/drone_control:/home/sriram/Documents/projects/ros2drone/install/drone_vision:/home/sriram/Documents/projects/ros2drone/install/drone_bringup:/opt/ros/lyrical/opt/gz_sim_vendor:/opt/ros/lyrical/opt/gz_sensors_vendor:/opt/ros/lyrical/opt/gz_gui_vendor:/opt/ros/lyrical/opt/gz_transport_vendor:/opt/ros/lyrical/opt/gz_physics_vendor:/opt/ros/lyrical/opt/sdformat_vendor:/opt/ros/lyrical/opt/gz_rendering_vendor:/opt/ros/lyrical/opt/gz_plugin_vendor:/opt/ros/lyrical/opt/gz_fuel_tools_vendor:/opt/ros/lyrical/opt/gz_msgs_vendor:/opt/ros/lyrical/opt/gz_common_vendor:/opt/ros/lyrical/opt/gz_math_vendor:/opt/ros/lyrical/opt/gz_utils_vendor:/opt/ros/lyrical/opt/gz_tools_vendor:/opt/ros/lyrical/opt/gz_ogre_next_vendor:/opt/ros/lyrical/opt/gz_dartsim_vendor:/opt/ros/lyrical/opt/gz_cmake_vendor:/opt/ros/lyrical DEBUGINFOD_URLS=https://debuginfod.ubuntu.com PS1=\[\e]0;\u@\h: \w\a\]${debian_chroot:+($debian_chroot)}\[\033[01;32m\]\u@\h\[\033[00m\]:\[\033[01;34m\]\w\[\033[00m\]\$ VIRTUAL_ENV_PROMPT=(venv-ardupilot) /usr/bin/cmake --install /home/sriram/Documents/projects/ros2drone/build/drone_bringup
[-1790660820475074560.000s] Level 1:colcon.colcon_core.environment:create_environment_scripts_only(drone_bringup)
[-1790660820475074560.000s] Level 1:colcon.colcon_core.environment:checking '/home/sriram/Documents/projects/ros2drone/install/drone_bringup' for CMake module files
[-1790660820475074560.000s] DEBUG:colcon.colcon_core.event_handler.log_command:Invoked command in '/home/sriram/Documents/projects/ros2drone/build/drone_bringup' returned '0': CMAKE_PREFIX_PATH=/home/sriram/Documents/projects/ros2drone/install/drone_gazebo:/home/sriram/Documents/projects/ros2drone/install/drone_slam:/home/sriram/Documents/projects/ros2drone/install/drone_navigation:/home/sriram/Documents/projects/ros2drone/install/drone_description:/home/sriram/Documents/projects/ros2drone/install/drone_control:/home/sriram/Documents/projects/ros2drone/install/drone_vision:/home/sriram/Documents/projects/ros2drone/install/drone_bringup:/opt/ros/lyrical/opt/gz_sim_vendor:/opt/ros/lyrical/opt/gz_sensors_vendor:/opt/ros/lyrical/opt/gz_gui_vendor:/opt/ros/lyrical/opt/gz_transport_vendor:/opt/ros/lyrical/opt/gz_physics_vendor:/opt/ros/lyrical/opt/sdformat_vendor:/opt/ros/lyrical/opt/gz_rendering_vendor:/opt/ros/lyrical/opt/gz_plugin_vendor:/opt/ros/lyrical/opt/gz_fuel_tools_vendor:/opt/ros/lyrical/opt/gz_msgs_vendor:/opt/ros/lyrical/opt/gz_common_vendor:/opt/ros/lyrical/opt/gz_math_vendor:/opt/ros/lyrical/opt/gz_utils_vendor:/opt/ros/lyrical/opt/gz_tools_vendor:/opt/ros/lyrical/opt/gz_ogre_next_vendor:/opt/ros/lyrical/opt/gz_dartsim_vendor:/opt/ros/lyrical/opt/gz_cmake_vendor:/opt/ros/lyrical DEBUGINFOD_URLS=https://debuginfod.ubuntu.com PS1=\[\e]0;\u@\h: \w\a\]${debian_chroot:+($debian_chroot)}\[\033[01;32m\]\u@\h\[\033[00m\]:\[\033[01;34m\]\w\[\033[00m\]\$ VIRTUAL_ENV_PROMPT=(venv-ardupilot) /usr/bin/cmake --install /home/sriram/Documents/projects/ros2drone/build/drone_bringup
[-1790660820475074560.000s] Level 1:colcon.colcon_core.environment:checking '/home/sriram/Documents/projects/ros2drone/install/drone_bringup' for CMake config files
[-1790660820475074560.000s] Level 1:colcon.colcon_core.shell:create_environment_hook('drone_bringup', 'cmake_prefix_path')
[-1790660820475074560.000s] INFO:colcon.colcon_core.shell:Creating environment hook '/home/sriram/Documents/projects/ros2drone/install/drone_bringup/share/drone_bringup/hook/cmake_prefix_path.ps1'
[-1790660820475074560.000s] INFO:colcon.colcon_core.shell:Creating environment descriptor '/home/sriram/Documents/projects/ros2drone/install/drone_bringup/share/drone_bringup/hook/cmake_prefix_path.dsv'
[-1790660820475074560.000s] INFO:colcon.colcon_core.shell:Creating environment hook '/home/sriram/Documents/projects/ros2drone/install/drone_bringup/share/drone_bringup/hook/cmake_prefix_path.sh'
[-1790660820475074560.000s] Level 1:colcon.colcon_core.environment:checking '/home/sriram/Documents/projects/ros2drone/install/drone_bringup/bin'
[-1790660820475074560.000s] Level 1:colcon.colcon_core.environment:checking '/home/sriram/Documents/projects/ros2drone/install/drone_bringup/lib/pkgconfig/drone_bringup.pc'
[-1790660820475074560.000s] Level 1:colcon.colcon_core.environment:checking '/home/sriram/Documents/projects/ros2drone/install/drone_bringup/lib/python3.14/site-packages'
[-1790660820475074560.000s] Level 1:colcon.colcon_core.environment:checking '/home/sriram/Documents/projects/ros2drone/install/drone_bringup/bin'
[-1790660820475074560.000s] INFO:colcon.colcon_core.shell:Creating package script '/home/sriram/Documents/projects/ros2drone/install/drone_bringup/share/drone_bringup/package.ps1'
[-1790660820475074560.000s] INFO:colcon.colcon_core.shell:Creating package descriptor '/home/sriram/Documents/projects/ros2drone/install/drone_bringup/share/drone_bringup/package.dsv'
[-1790660820475074560.000s] INFO:colcon.colcon_core.shell:Creating package script '/home/sriram/Documents/projects/ros2drone/install/drone_bringup/share/drone_bringup/package.sh'
[-1790660820475074560.000s] INFO:colcon.colcon_core.shell:Creating package script '/home/sriram/Documents/projects/ros2drone/install/drone_bringup/share/drone_bringup/package.bash'
[-1790660820475074560.000s] INFO:colcon.colcon_core.shell:Creating package script '/home/sriram/Documents/projects/ros2drone/install/drone_bringup/share/drone_bringup/package.zsh'
[-1790660820475074560.000s] Level 1:colcon.colcon_core.environment:create_file_with_runtime_dependencies(/home/sriram/Documents/projects/ros2drone/install/drone_bringup/share/colcon-core/packages/drone_bringup)
[-1790660820475074560.000s] Level 1:colcon.colcon_core.environment:create_environment_scripts_only(drone_bringup)
[-1790660820475074560.000s] Level 1:colcon.colcon_core.environment:checking '/home/sriram/Documents/projects/ros2drone/install/drone_bringup' for CMake module files
[-1790660820475074560.000s] Level 1:colcon.colcon_core.environment:checking '/home/sriram/Documents/projects/ros2drone/install/drone_bringup' for CMake config files
[-1790660820475074560.000s] Level 1:colcon.colcon_core.shell:create_environment_hook('drone_bringup', 'cmake_prefix_path')
[-1790660820475074560.000s] INFO:colcon.colcon_core.shell:Creating environment hook '/home/sriram/Documents/projects/ros2drone/install/drone_bringup/share/drone_bringup/hook/cmake_prefix_path.ps1'
[-1790660820475074560.000s] INFO:colcon.colcon_core.shell:Creating environment descriptor '/home/sriram/Documents/projects/ros2drone/install/drone_bringup/share/drone_bringup/hook/cmake_prefix_path.dsv'
[-1790660820475074560.000s] INFO:colcon.colcon_core.shell:Creating environment hook '/home/sriram/Documents/projects/ros2drone/install/drone_bringup/share/drone_bringup/hook/cmake_prefix_path.sh'
[-1790660820475074560.000s] Level 1:colcon.colcon_core.environment:checking '/home/sriram/Documents/projects/ros2drone/install/drone_bringup/bin'
[-1790660820475074560.000s] Level 1:colcon.colcon_core.environment:checking '/home/sriram/Documents/projects/ros2drone/install/drone_bringup/lib/pkgconfig/drone_bringup.pc'
[-1790660820475074560.000s] Level 1:colcon.colcon_core.environment:checking '/home/sriram/Documents/projects/ros2drone/install/drone_bringup/lib/python3.14/site-packages'
[-1790660820475074560.000s] Level 1:colcon.colcon_core.environment:checking '/home/sriram/Documents/projects/ros2drone/install/drone_bringup/bin'
[-1790660820475074560.000s] INFO:colcon.colcon_core.shell:Creating package script '/home/sriram/Documents/projects/ros2drone/install/drone_bringup/share/drone_bringup/package.ps1'
[-1790660820475074560.000s] INFO:colcon.colcon_core.shell:Creating package descriptor '/home/sriram/Documents/projects/ros2drone/install/drone_bringup/share/drone_bringup/package.dsv'
[-1790660820475074560.000s] INFO:colcon.colcon_core.shell:Creating package script '/home/sriram/Documents/projects/ros2drone/install/drone_bringup/share/drone_bringup/package.sh'
[-1790660820475074560.000s] INFO:colcon.colcon_core.shell:Creating package script '/home/sriram/Documents/projects/ros2drone/install/drone_bringup/share/drone_bringup/package.bash'
[-1790660820475074560.000s] INFO:colcon.colcon_core.shell:Creating package script '/home/sriram/Documents/projects/ros2drone/install/drone_bringup/share/drone_bringup/package.zsh'
[-1790660820475074560.000s] Level 1:colcon.colcon_core.environment:create_file_with_runtime_dependencies(/home/sriram/Documents/projects/ros2drone/install/drone_bringup/share/colcon-core/packages/drone_bringup)
[-1790660820475074560.000s] DEBUG:colcon.colcon_parallel_executor.executor.parallel:closing loop
[-1790660820475074560.000s] DEBUG:colcon.colcon_parallel_executor.executor.parallel:loop closed
[-1790660820475074560.000s] DEBUG:colcon.colcon_parallel_executor.executor.parallel:run_until_complete finished with '0'
[-1790660820475074560.000s] DEBUG:colcon.colcon_core.event_reactor:joining thread
[-1790660820475074560.000s] INFO:colcon.colcon_core.plugin_system:Skipping extension 'colcon_notification.desktop_notification.terminal_notifier': Not used on non-Darwin systems
[-1790660820475074560.000s] INFO:colcon.colcon_core.plugin_system:Skipping extension 'colcon_notification.desktop_notification.win32': Not used on non-Windows systems
[-1790660820475074560.000s] INFO:colcon.colcon_notification.desktop_notification:Sending desktop notification using 'notify2'
[-1790660820475074560.000s] DEBUG:colcon.colcon_core.event_reactor:joined thread
[-1790660820475074560.000s] INFO:colcon.colcon_core.shell:Creating prefix script '/home/sriram/Documents/projects/ros2drone/install/local_setup.ps1'
[-1790660820475074560.000s] INFO:colcon.colcon_core.shell:Creating prefix util module '/home/sriram/Documents/projects/ros2drone/install/_local_setup_util_ps1.py'
[-1790660820475074560.000s] INFO:colcon.colcon_core.shell:Creating prefix chain script '/home/sriram/Documents/projects/ros2drone/install/setup.ps1'
[-1790660820475074560.000s] INFO:colcon.colcon_core.shell:Creating prefix script '/home/sriram/Documents/projects/ros2drone/install/local_setup.sh'
[-1790660820475074560.000s] INFO:colcon.colcon_core.shell:Creating prefix util module '/home/sriram/Documents/projects/ros2drone/install/_local_setup_util_sh.py'
[-1790660820475074560.000s] INFO:colcon.colcon_core.shell:Creating prefix chain script '/home/sriram/Documents/projects/ros2drone/install/setup.sh'
[-1790660820475074560.000s] INFO:colcon.colcon_core.shell:Creating prefix script '/home/sriram/Documents/projects/ros2drone/install/local_setup.bash'
[-1790660820475074560.000s] INFO:colcon.colcon_core.shell:Creating prefix chain script '/home/sriram/Documents/projects/ros2drone/install/setup.bash'
[-1790660820475074560.000s] INFO:colcon.colcon_core.shell:Creating prefix script '/home/sriram/Documents/projects/ros2drone/install/local_setup.zsh'
[-1790660820475074560.000s] INFO:colcon.colcon_core.shell:Creating prefix chain script '/home/sriram/Documents/projects/ros2drone/install/setup.zsh'
